node_id,name,rm_type,aqf_type,archetype_node_id,archetype_id,template_id,path,datatype,coverage,sparsity,diversity,local_utility,queriability,records_present_count
/composition|outpatient_high_complexity_procedures|openehr-ehr-composition.outpatient_high_complexity_procedures.v1|openehr-ehr-composition.outpatient_high_complexity_procedures.v1/action|procedure_undertaken|openehr-ehr-action.procedure-sus.v1|openehr-ehr-action.procedure-sus.v1/item_tree|procedure_list|at0001|openehr-ehr-action.procedure-sus.v1/element|procedure|at0002|openehr-ehr-action.procedure-sus.v1,Procedure,ELEMENT,leaf,at0002,openEHR-EHR-ACTION.procedure-sus.v1,a575b369-c4a2-4bb5-84fa-619d5c641339,/composition|outpatient_high_complexity_procedures|openehr-ehr-composition.outpatient_high_complexity_procedures.v1|openehr-ehr-composition.outpatient_high_complexity_procedures.v1/action|procedure_undertaken|openehr-ehr-action.procedure-sus.v1|openehr-ehr-action.procedure-sus.v1/item_tree|procedure_list|at0001|openehr-ehr-action.procedure-sus.v1/element|procedure|at0002|openehr-ehr-action.procedure-sus.v1,DV_CODED_TEXT,0.7105263157894737,0.2894736842105263,0.18518518518518517,0.13157894736842105,0.4290714450600184,27
/composition|outpatient_high_complexity_procedures|openehr-ehr-composition.outpatient_high_complexity_procedures.v1|openehr-ehr-composition.outpatient_high_complexity_procedures.v1/admin_entry|hcpa|openehr-ehr-admin_entry.high_complexity_procedures_sus.v1|openehr-ehr-admin_entry.high_complexity_procedures_sus.v1/item_tree|components|at0001|openehr-ehr-admin_entry.high_complexity_procedures_sus.v1/cluster|general_data|at0023|openehr-ehr-admin_entry.high_complexity_procedures_sus.v1/element|state|at0028|openehr-ehr-admin_entry.high_complexity_procedures_sus.v1,State,ELEMENT,leaf,at0028,openEHR-EHR-ADMIN_ENTRY.high_complexity_procedures_sus.v1,a575b369-c4a2-4bb5-84fa-619d5c641339,/composition|outpatient_high_complexity_procedures|openehr-ehr-composition.outpatient_high_complexity_procedures.v1|openehr-ehr-composition.outpatient_high_complexity_procedures.v1/admin_entry|hcpa|openehr-ehr-admin_entry.high_complexity_procedures_sus.v1|openehr-ehr-admin_entry.high_complexity_procedures_sus.v1/item_tree|components|at0001|openehr-ehr-admin_entry.high_complexity_procedures_sus.v1/cluster|general_data|at0023|openehr-ehr-admin_entry.high_complexity_procedures_sus.v1/element|state|at0028|openehr-ehr-admin_entry.high_complexity_procedures_sus.v1,DV_CODED_TEXT,0.7105263157894737,0.2894736842105263,0.14814814814814814,0.10526315789473684,0.4644679132040627,27
/composition|outpatient_high_complexity_procedures|openehr-ehr-composition.outpatient_high_complexity_procedures.v1|openehr-ehr-composition.outpatient_high_complexity_procedures.v1/evaluation|bariatric_surgery_evaluation|openehr-ehr-evaluation.bariatric_surgery_evaluation.v1|openehr-ehr-evaluation.bariatric_surgery_evaluation.v1/item_tree|components|at0001|openehr-ehr-evaluation.bariatric_surgery_evaluation.v1/element|baros_score|at0003|openehr-ehr-evaluation.bariatric_surgery_evaluation.v1,Baros score,ELEMENT,leaf,at0003,openEHR-EHR-EVALUATION.bariatric_surgery_evaluation.v1,edcb03a8-cc73-4485-a8a9-6559deb4597c,/composition|outpatient_high_complexity_procedures|openehr-ehr-composition.outpatient_high_complexity_procedures.v1|openehr-ehr-composition.outpatient_high_complexity_procedures.v1/evaluation|bariatric_surgery_evaluation|openehr-ehr-evaluation.bariatric_surgery_evaluation.v1|openehr-ehr-evaluation.bariatric_surgery_evaluation.v1/item_tree|components|at0001|openehr-ehr-evaluation.bariatric_surgery_evaluation.v1/element|baros_score|at0003|openehr-ehr-evaluation.bariatric_surgery_evaluation.v1,DV_TEXT,0.5,0.5,0.10526315789473684,0.05263157894736842,0.27231359649122805,19
/composition|outpatient_high_complexity_procedures|openehr-ehr-composition.outpatient_high_complexity_procedures.v1|openehr-ehr-composition.outpatient_high_complexity_procedures.v1/evaluation|bariatric_surgery_evaluation|openehr-ehr-evaluation.bariatric_surgery_evaluation.v1|openehr-ehr-evaluation.bariatric_surgery_evaluation.v1,Bariatric surgery evaluation,EVALUATION,substructure,openEHR-EHR-EVALUATION.bariatric_surgery_evaluation.v1,openEHR-EHR-EVALUATION.bariatric_surgery_evaluation.v1,edcb03a8-cc73-4485-a8a9-6559deb4597c,/composition|outpatient_high_complexity_procedures|openehr-ehr-composition.outpatient_high_complexity_procedures.v1|openehr-ehr-composition.outpatient_high_complexity_procedures.v1/evaluation|bariatric_surgery_evaluation|openehr-ehr-evaluation.bariatric_surgery_evaluation.v1|openehr-ehr-evaluation.bariatric_surgery_evaluation.v1,,0.5,0.5,0.0,0.0,0.0,19
/composition|outpatient_high_complexity_procedures|openehr-ehr-composition.outpatient_high_complexity_procedures.v1|openehr-ehr-composition.outpatient_high_complexity_procedures.v1/evaluation|bariatric_surgery_evaluation|openehr-ehr-evaluation.bariatric_surgery_evaluation.v1|openehr-ehr-evaluation.bariatric_surgery_evaluation.v1/item_tree|components|at0001|openehr-ehr-evaluation.bariatric_surgery_evaluation.v1,Components,ITEM_TREE,substructure,at0001,openEHR-EHR-EVALUATION.bariatric_surgery_evaluation.v1,edcb03a8-cc73-4485-a8a9-6559deb4597c,/composition|outpatient_high_complexity_procedures|openehr-ehr-composition.outpatient_high_complexity_procedures.v1|openehr-ehr-composition.outpatient_high_complexity_procedures.v1/evaluation|bariatric_surgery_evaluation|openehr-ehr-evaluation.bariatric_surgery_evaluation.v1|openehr-ehr-evaluation.bariatric_surgery_evaluation.v1/item_tree|components|at0001|openehr-ehr-evaluation.bariatric_surgery_evaluation.v1,,0.5,0.5,0.0,0.0,0.0,19
/composition|outpatient_high_complexity_procedures|openehr-ehr-composition.outpatient_high_complexity_procedures.v1|openehr-ehr-composition.outpatient_high_complexity_procedures.v1/evaluation|problem_diagnosis|openehr-ehr-evaluation.problem_diagnosis-sus.v1|openehr-ehr-evaluation.problem_diagnosis-sus.v1/item_tree|structure|at0001|openehr-ehr-evaluation.problem_diagnosis-sus.v1/element|invaded_regional_linphonodes|at0.4|openehr-ehr-evaluation.problem_diagnosis-sus.v1,Invaded regional linphonodes,ELEMENT,leaf,at0.4,openEHR-EHR-EVALUATION.problem_diagnosis-sus.v1,a575b369-c4a2-4bb5-84fa-619d5c641339,/composition|outpatient_high_complexity_procedures|openehr-ehr-composition.outpatient_high_complexity_procedures.v1|openehr-ehr-composition.outpatient_high_complexity_procedures.v1/evaluation|problem_diagnosis|openehr-ehr-evaluation.problem_diagnosis-sus.v1|openehr-ehr-evaluation.problem_diagnosis-sus.v1/item_tree|structure|at0001|openehr-ehr-evaluation.problem_diagnosis-sus.v1/element|invaded_regional_linphonodes|at0.4|openehr-ehr-evaluation.problem_diagnosis-sus.v1,DV_BOOLEAN,0.21052631578947367,0.7894736842105263,0.125,0.02631578947368421,0.19527354570637112,8
/composition|outpatient_high_complexity_procedures|openehr-ehr-composition.outpatient_high_complexity_procedures.v1|openehr-ehr-composition.outpatient_high_complexity_procedures.v1/evaluation|problem_diagnosis|openehr-ehr-evaluation.problem_diagnosis-sus.v1|openehr-ehr-evaluation.problem_diagnosis-sus.v1/item_tree|structure|at0001|openehr-ehr-evaluation.problem_diagnosis-sus.v1/cluster|tumour_-_tnm_cancer_staging|openehr-ehr-cluster.tnm_staging-sus.v1|openehr-ehr-evaluation.problem_diagnosis-sus.v1/cluster|clinical_(ctnm)|at0002|openehr-ehr-evaluation.problem_diagnosis-sus.v1/element|clinical_staging|at0010|openehr-ehr-evaluation.problem_diagnosis-sus.v1,Clinical staging,ELEMENT,leaf,at0010,openEHR-EHR-EVALUATION.problem_diagnosis-sus.v1,a575b369-c4a2-4bb5-84fa-619d5c641339,/composition|outpatient_high_complexity_procedures|openehr-ehr-composition.outpatient_high_complexity_procedures.v1|openehr-ehr-composition.outpatient_high_complexity_procedures.v1/evaluation|problem_diagnosis|openehr-ehr-evaluation.problem_diagnosis-sus.v1|openehr-ehr-evaluation.problem_diagnosis-sus.v1/item_tree|structure|at0001|openehr-ehr-evaluation.problem_diagnosis-sus.v1/cluster|tumour_-_tnm_cancer_staging|openehr-ehr-cluster.tnm_staging-sus.v1|openehr-ehr-evaluation.problem_diagnosis-sus.v1/cluster|clinical_(ctnm)|at0002|openehr-ehr-evaluation.problem_diagnosis-sus.v1/element|clinical_staging|at0010|openehr-ehr-evaluation.problem_diagnosis-sus.v1,DV_TEXT,0.21052631578947367,0.7894736842105263,0.5,0.10526315789473684,0.25152931671283474,8
/composition|outpatient_high_complexity_procedures|openehr-ehr-composition.outpatient_high_complexity_procedures.v1|openehr-ehr-composition.outpatient_high_complexity_procedures.v1/evaluation|problem_diagnosis|openehr-ehr-evaluation.problem_diagnosis-sus.v1|openehr-ehr-evaluation.problem_diagnosis-sus.v1/item_tree|structure|at0001|openehr-ehr-evaluation.problem_diagnosis-sus.v1/cluster|tumour_-_tnm_cancer_staging|openehr-ehr-cluster.tnm_staging-sus.v1|openehr-ehr-evaluation.problem_diagnosis-sus.v1,Tumour - TNM Cancer staging,CLUSTER,substructure,openEHR-EHR-CLUSTER.tnm_staging-sus.v1,openEHR-EHR-EVALUATION.problem_diagnosis-sus.v1,a575b369-c4a2-4bb5-84fa-619d5c641339,/composition|outpatient_high_complexity_procedures|openehr-ehr-composition.outpatient_high_complexity_procedures.v1|openehr-ehr-composition.outpatient_high_complexity_procedures.v1/evaluation|problem_diagnosis|openehr-ehr-evaluation.problem_diagnosis-sus.v1|openehr-ehr-evaluation.problem_diagnosis-sus.v1/item_tree|structure|at0001|openehr-ehr-evaluation.problem_diagnosis-sus.v1/cluster|tumour_-_tnm_cancer_staging|openehr-ehr-cluster.tnm_staging-sus.v1|openehr-ehr-evaluation.problem_diagnosis-sus.v1,,0.21052631578947367,0.7894736842105263,0.0,0.0,0.0,8
/composition|outpatient_high_complexity_procedures|openehr-ehr-composition.outpatient_high_complexity_procedures.v1|openehr-ehr-composition.outpatient_high_complexity_procedures.v1/evaluation|problem_diagnosis|openehr-ehr-evaluation.problem_diagnosis-sus.v1|openehr-ehr-evaluation.problem_diagnosis-sus.v1/item_tree|structure|at0001|openehr-ehr-evaluation.problem_diagnosis-sus.v1/cluster|tumour_-_tnm_cancer_staging|openehr-ehr-cluster.tnm_staging-sus.v1|openehr-ehr-evaluation.problem_diagnosis-sus.v1/cluster|pathological_(ptnm)|at0006|openehr-ehr-evaluation.problem_diagnosis-sus.v1/element|date_of_pathological_identification|at0.44|openehr-ehr-evaluation.problem_diagnosis-sus.v1,date of pathological identification,ELEMENT,leaf,at0.44,openEHR-EHR-EVALUATION.problem_diagnosis-sus.v1,a575b369-c4a2-4bb5-84fa-619d5c641339,/composition|outpatient_high_complexity_procedures|openehr-ehr-composition.outpatient_high_complexity_procedures.v1|openehr-ehr-composition.outpatient_high_complexity_procedures.v1/evaluation|problem_diagnosis|openehr-ehr-evaluation.problem_diagnosis-sus.v1|openehr-ehr-evaluation.problem_diagnosis-sus.v1/item_tree|structure|at0001|openehr-ehr-evaluation.problem_diagnosis-sus.v1/cluster|tumour_-_tnm_cancer_staging|openehr-ehr-cluster.tnm_staging-sus.v1|openehr-ehr-evaluation.problem_diagnosis-sus.v1/cluster|pathological_(ptnm)|at0006|openehr-ehr-evaluation.problem_diagnosis-sus.v1/element|date_of_pathological_identification|at0.44|openehr-ehr-evaluation.problem_diagnosis-sus.v1,DV_DATE,0.21052631578947367,0.7894736842105263,0.625,0.13157894736842105,0.2760560941828255,8
/composition|outpatient_high_complexity_procedures|openehr-ehr-composition.outpatient_high_complexity_procedures.v1|openehr-ehr-composition.outpatient_high_complexity_procedures.v1/admin_entry|patient_discharge|openehr-ehr-admin_entry.patient_discharge.v1|openehr-ehr-admin_entry.patient_discharge.v1,Patient discharge,ADMIN_ENTRY,substructure,openEHR-EHR-ADMIN_ENTRY.patient_discharge.v1,openEHR-EHR-ADMIN_ENTRY.patient_discharge.v1,a575b369-c4a2-4bb5-84fa-619d5c641339,/composition|outpatient_high_complexity_procedures|openehr-ehr-composition.outpatient_high_complexity_procedures.v1|openehr-ehr-composition.outpatient_high_complexity_procedures.v1/admin_entry|patient_discharge|openehr-ehr-admin_entry.patient_discharge.v1|openehr-ehr-admin_entry.patient_discharge.v1,,0.7105263157894737,0.2894736842105263,0.0,0.0,0.0,27
/composition|outpatient_high_complexity_procedures|openehr-ehr-composition.outpatient_high_complexity_procedures.v1|openehr-ehr-composition.outpatient_high_complexity_procedures.v1/admin_entry|hcpa|openehr-ehr-admin_entry.high_complexity_procedures_sus.v1|openehr-ehr-admin_entry.high_complexity_procedures_sus.v1/item_tree|components|at0001|openehr-ehr-admin_entry.high_complexity_procedures_sus.v1/cluster|chemotherapy|at0016|openehr-ehr-admin_entry.high_complexity_procedures_sus.v1,chemotherapy,CLUSTER,substructure,at0016,openEHR-EHR-ADMIN_ENTRY.high_complexity_procedures_sus.v1,b1fffd24-8222-4a68-8b3f-075e228b98e1,/composition|outpatient_high_complexity_procedures|openehr-ehr-composition.outpatient_high_complexity_procedures.v1|openehr-ehr-composition.outpatient_high_complexity_procedures.v1/admin_entry|hcpa|openehr-ehr-admin_entry.high_complexity_procedures_sus.v1|openehr-ehr-admin_entry.high_complexity_procedures_sus.v1/item_tree|components|at0001|openehr-ehr-admin_entry.high_complexity_procedures_sus.v1/cluster|chemotherapy|at0016|openehr-ehr-admin_entry.high_complexity_procedures_sus.v1,,0.10526315789473684,0.8947368421052632,0.0,0.0,0.0,4
/composition|demographic_data|openehr-ehr-composition.demographic_data.v1|openehr-ehr-composition.demographic_data.v1/admin_entry|demographic_data|openehr-ehr-admin_entry.demographic_data.v1|openehr-ehr-admin_entry.demographic_data.v1/item_tree|components|at0001|openehr-ehr-admin_entry.demographic_data.v1/element|gender|at0003|openehr-ehr-admin_entry.demographic_data.v1,gender,ELEMENT,leaf,at0003,openEHR-EHR-ADMIN_ENTRY.demographic_data.v1,0cea0dec-8a12-48cb-b83c-3294aa68c9a8,/composition|demographic_data|openehr-ehr-composition.demographic_data.v1|openehr-ehr-composition.demographic_data.v1/admin_entry|demographic_data|openehr-ehr-admin_entry.demographic_data.v1|openehr-ehr-admin_entry.demographic_data.v1/item_tree|components|at0001|openehr-ehr-admin_entry.demographic_data.v1/element|gender|at0003|openehr-ehr-admin_entry.demographic_data.v1,DV_CODED_TEXT,0.2894736842105263,0.7105263157894737,0.18181818181818182,0.052631578947368425,0.09708275623268699,11
/composition|outpatient_high_complexity_procedures|openehr-ehr-composition.outpatient_high_complexity_procedures.v1|openehr-ehr-composition.outpatient_high_complexity_procedures.v1/action|procedure_undertaken|openehr-ehr-action.procedure-sus.v1|openehr-ehr-action.procedure-sus.v1/item_tree|procedure_list|at0001|openehr-ehr-action.procedure-sus.v1/element|irradiated_area_1|at0.59|openehr-ehr-action.procedure-sus.v1,irradiated area 1,ELEMENT,leaf,at0.59,openEHR-EHR-ACTION.procedure-sus.v1,a575b369-c4a2-4bb5-84fa-619d5c641339,/composition|outpatient_high_complexity_procedures|openehr-ehr-composition.outpatient_high_complexity_procedures.v1|openehr-ehr-composition.outpatient_high_complexity_procedures.v1/action|procedure_undertaken|openehr-ehr-action.procedure-sus.v1|openehr-ehr-action.procedure-sus.v1/item_tree|procedure_list|at0001|openehr-ehr-action.procedure-sus.v1/element|irradiated_area_1|at0.59|openehr-ehr-action.procedure-sus.v1,DV_CODED_TEXT,0.10526315789473684,0.8947368421052632,1.0,0.10526315789473684,0.2219673361034164,4
/composition|outpatient_high_complexity_procedures|openehr-ehr-composition.outpatient_high_complexity_procedures.v1|openehr-ehr-composition.outpatient_high_complexity_procedures.v1/action|procedure_undertaken|openehr-ehr-action.procedure-sus.v1|openehr-ehr-action.procedure-sus.v1/item_tree|procedure_list|at0001|openehr-ehr-action.procedure-sus.v1/element|irradiated_area_3|at0.59|openehr-ehr-action.procedure-sus.v1,irradiated area 3,ELEMENT,leaf,at0.59,openEHR-EHR-ACTION.procedure-sus.v1,a575b369-c4a2-4bb5-84fa-619d5c641339,/composition|outpatient_high_complexity_procedures|openehr-ehr-composition.outpatient_high_complexity_procedures.v1|openehr-ehr-composition.outpatient_high_complexity_procedures.v1/action|procedure_undertaken|openehr-ehr-action.procedure-sus.v1|openehr-ehr-action.procedure-sus.v1/item_tree|procedure_list|at0001|openehr-ehr-action.procedure-sus.v1/element|irradiated_area_3|at0.59|openehr-ehr-action.procedure-sus.v1,,0.10526315789473684,0.8947368421052632,0.0,0.0,0.1279576408125577,4
/composition|outpatient_high_complexity_procedures|openehr-ehr-composition.outpatient_high_complexity_procedures.v1|openehr-ehr-composition.outpatient_high_complexity_procedures.v1/observation|body_mass_index|openehr-ehr-observation.body_mass_index.v1|openehr-ehr-observation.body_mass_index.v1,Body mass index,OBSERVATION,substructure,openEHR-EHR-OBSERVATION.body_mass_index.v1,openEHR-EHR-OBSERVATION.body_mass_index.v1,edcb03a8-cc73-4485-a8a9-6559deb4597c,/composition|outpatient_high_complexity_procedures|openehr-ehr-composition.outpatient_high_complexity_procedures.v1|openehr-ehr-composition.outpatient_high_complexity_procedures.v1/observation|body_mass_index|openehr-ehr-observation.body_mass_index.v1|openehr-ehr-observation.body_mass_index.v1,,0.5,0.5,0.0,0.0,0.0,19
/composition|outpatient_high_complexity_procedures|openehr-ehr-composition.outpatient_high_complexity_procedures.v1|openehr-ehr-composition.outpatient_high_complexity_procedures.v1/admin_entry|hcpa|openehr-ehr-admin_entry.high_complexity_procedures_sus.v1|openehr-ehr-admin_entry.high_complexity_procedures_sus.v1/item_tree|components|at0001|openehr-ehr-admin_entry.high_complexity_procedures_sus.v1/cluster|general_data|at0023|openehr-ehr-admin_entry.high_complexity_procedures_sus.v1/element|healthcare_unit|at0011|openehr-ehr-admin_entry.high_complexity_procedures_sus.v1,healthcare unit,ELEMENT,leaf,at0011,openEHR-EHR-ADMIN_ENTRY.high_complexity_procedures_sus.v1,a575b369-c4a2-4bb5-84fa-619d5c641339,/composition|outpatient_high_complexity_procedures|openehr-ehr-composition.outpatient_high_complexity_procedures.v1|openehr-ehr-composition.outpatient_high_complexity_procedures.v1/admin_entry|hcpa|openehr-ehr-admin_entry.high_complexity_procedures_sus.v1|openehr-ehr-admin_entry.high_complexity_procedures_sus.v1/item_tree|components|at0001|openehr-ehr-admin_entry.high_complexity_procedures_sus.v1/cluster|general_data|at0023|openehr-ehr-admin_entry.high_complexity_procedures_sus.v1/element|healthcare_unit|at0011|openehr-ehr-admin_entry.high_complexity_procedures_sus.v1,DV_CODED_TEXT,0.7105263157894737,0.2894736842105263,0.18518518518518517,0.13157894736842105,0.48581486611265,27
/composition|demographic_data|openehr-ehr-composition.demographic_data.v1|openehr-ehr-composition.demographic_data.v1,Demographic data,COMPOSITION,section,openEHR-EHR-COMPOSITION.demographic_data.v1,openEHR-EHR-COMPOSITION.demographic_data.v1,0cea0dec-8a12-48cb-b83c-3294aa68c9a8,/composition|demographic_data|openehr-ehr-composition.demographic_data.v1|openehr-ehr-composition.demographic_data.v1,,0.2894736842105263,0.7105263157894737,0.0,0.0,0.0,11
/composition|outpatient_high_complexity_procedures|openehr-ehr-composition.outpatient_high_complexity_procedures.v1|openehr-ehr-composition.outpatient_high_complexity_procedures.v1/observation|body_mass_index|openehr-ehr-observation.body_mass_index.v1|openehr-ehr-observation.body_mass_index.v1/none|history|at0001|openehr-ehr-observation.body_mass_index.v1/point_event|any_event|at0002|openehr-ehr-observation.body_mass_index.v1/item_tree|single|at0003|openehr-ehr-observation.body_mass_index.v1,Single,ITEM_TREE,substructure,at0003,openEHR-EHR-OBSERVATION.body_mass_index.v1,edcb03a8-cc73-4485-a8a9-6559deb4597c,/composition|outpatient_high_complexity_procedures|openehr-ehr-composition.outpatient_high_complexity_procedures.v1|openehr-ehr-composition.outpatient_high_complexity_procedures.v1/observation|body_mass_index|openehr-ehr-observation.body_mass_index.v1|openehr-ehr-observation.body_mass_index.v1/none|history|at0001|openehr-ehr-observation.body_mass_index.v1/point_event|any_event|at0002|openehr-ehr-observation.body_mass_index.v1/item_tree|single|at0003|openehr-ehr-observation.body_mass_index.v1,,0.5,0.5,0.0,0.0,0.0,19
/composition|outpatient_high_complexity_procedures|openehr-ehr-composition.outpatient_high_complexity_procedures.v1|openehr-ehr-composition.outpatient_high_complexity_procedures.v1/admin_entry|patient_discharge|openehr-ehr-admin_entry.patient_discharge.v1|openehr-ehr-admin_entry.patient_discharge.v1/item_tree|components|at0001|openehr-ehr-admin_entry.patient_discharge.v1/element|reason_for_discharge|at0003|openehr-ehr-admin_entry.patient_discharge.v1,reason for discharge,ELEMENT,leaf,at0003,openEHR-EHR-ADMIN_ENTRY.patient_discharge.v1,a575b369-c4a2-4bb5-84fa-619d5c641339,/composition|outpatient_high_complexity_procedures|openehr-ehr-composition.outpatient_high_complexity_procedures.v1|openehr-ehr-composition.outpatient_high_complexity_procedures.v1/admin_entry|patient_discharge|openehr-ehr-admin_entry.patient_discharge.v1|openehr-ehr-admin_entry.patient_discharge.v1/item_tree|components|at0001|openehr-ehr-admin_entry.patient_discharge.v1/element|reason_for_discharge|at0003|openehr-ehr-admin_entry.patient_discharge.v1,DV_CODED_TEXT,0.7105263157894737,0.2894736842105263,0.1111111111111111,0.07894736842105263,0.37946964450600174,27
/composition|outpatient_high_complexity_procedures|openehr-ehr-composition.outpatient_high_complexity_procedures.v1|openehr-ehr-composition.outpatient_high_complexity_procedures.v1/admin_entry|hcpa|openehr-ehr-admin_entry.high_complexity_procedures_sus.v1|openehr-ehr-admin_entry.high_complexity_procedures_sus.v1/item_tree|components|at0001|openehr-ehr-admin_entry.high_complexity_procedures_sus.v1/cluster|general_data|at0023|openehr-ehr-admin_entry.high_complexity_procedures_sus.v1/element|reason_for_encounter|at0010|openehr-ehr-admin_entry.high_complexity_procedures_sus.v1,reason for encounter,ELEMENT,leaf,at0010,openEHR-EHR-ADMIN_ENTRY.high_complexity_procedures_sus.v1,a575b369-c4a2-4bb5-84fa-619d5c641339,/composition|outpatient_high_complexity_procedures|openehr-ehr-composition.outpatient_high_complexity_procedures.v1|openehr-ehr-composition.outpatient_high_complexity_procedures.v1/admin_entry|hcpa|openehr-ehr-admin_entry.high_complexity_procedures_sus.v1|openehr-ehr-admin_entry.high_complexity_procedures_sus.v1/item_tree|components|at0001|openehr-ehr-admin_entry.high_complexity_procedures_sus.v1/cluster|general_data|at0023|openehr-ehr-admin_entry.high_complexity_procedures_sus.v1/element|reason_for_encounter|at0010|openehr-ehr-admin_entry.high_complexity_procedures_sus.v1,DV_CODED_TEXT,0.7105263157894737,0.2894736842105263,0.07407407407407407,0.05263157894736842,0.4217740073868882,27
/composition|outpatient_high_complexity_procedures|openehr-ehr-composition.outpatient_high_complexity_procedures.v1|openehr-ehr-composition.outpatient_high_complexity_procedures.v1/evaluation|problem_diagnosis|openehr-ehr-evaluation.problem_diagnosis-sus.v1|openehr-ehr-evaluation.problem_diagnosis-sus.v1/item_tree|structure|at0001|openehr-ehr-evaluation.problem_diagnosis-sus.v1,structure,ITEM_TREE,substructure,at0001,openEHR-EHR-EVALUATION.problem_diagnosis-sus.v1,a575b369-c4a2-4bb5-84fa-619d5c641339,/composition|outpatient_high_complexity_procedures|openehr-ehr-composition.outpatient_high_complexity_procedures.v1|openehr-ehr-composition.outpatient_high_complexity_procedures.v1/evaluation|problem_diagnosis|openehr-ehr-evaluation.problem_diagnosis-sus.v1|openehr-ehr-evaluation.problem_diagnosis-sus.v1/item_tree|structure|at0001|openehr-ehr-evaluation.problem_diagnosis-sus.v1,,0.7105263157894737,0.2894736842105263,0.0,0.0,0.0,27
/composition|demographic_data|openehr-ehr-composition.demographic_data.v1|openehr-ehr-composition.demographic_data.v1/admin_entry|demographic_data|openehr-ehr-admin_entry.demographic_data.v1|openehr-ehr-admin_entry.demographic_data.v1/item_tree|components|at0001|openehr-ehr-admin_entry.demographic_data.v1,components,ITEM_TREE,substructure,at0001,openEHR-EHR-ADMIN_ENTRY.demographic_data.v1,0cea0dec-8a12-48cb-b83c-3294aa68c9a8,/composition|demographic_data|openehr-ehr-composition.demographic_data.v1|openehr-ehr-composition.demographic_data.v1/admin_entry|demographic_data|openehr-ehr-admin_entry.demographic_data.v1|openehr-ehr-admin_entry.demographic_data.v1/item_tree|components|at0001|openehr-ehr-admin_entry.demographic_data.v1,,0.2894736842105263,0.7105263157894737,0.0,0.0,0.0,11
/composition|demographic_data|openehr-ehr-composition.demographic_data.v1|openehr-ehr-composition.demographic_data.v1/admin_entry|demographic_data|openehr-ehr-admin_entry.demographic_data.v1|openehr-ehr-admin_entry.demographic_data.v1,Demographic data,ADMIN_ENTRY,substructure,openEHR-EHR-ADMIN_ENTRY.demographic_data.v1,openEHR-EHR-ADMIN_ENTRY.demographic_data.v1,0cea0dec-8a12-48cb-b83c-3294aa68c9a8,/composition|demographic_data|openehr-ehr-composition.demographic_data.v1|openehr-ehr-composition.demographic_data.v1/admin_entry|demographic_data|openehr-ehr-admin_entry.demographic_data.v1|openehr-ehr-admin_entry.demographic_data.v1,,0.2894736842105263,0.7105263157894737,0.0,0.0,0.0,11
/composition|outpatient_high_complexity_procedures|openehr-ehr-composition.outpatient_high_complexity_procedures.v1|openehr-ehr-composition.outpatient_high_complexity_procedures.v1/admin_entry|hcpa|openehr-ehr-admin_entry.high_complexity_procedures_sus.v1|openehr-ehr-admin_entry.high_complexity_procedures_sus.v1/item_tree|components|at0001|openehr-ehr-admin_entry.high_complexity_procedures_sus.v1/cluster|radiotherapy|at0017|openehr-ehr-admin_entry.high_complexity_procedures_sus.v1,radiotherapy,CLUSTER,substructure,at0017,openEHR-EHR-ADMIN_ENTRY.high_complexity_procedures_sus.v1,a575b369-c4a2-4bb5-84fa-619d5c641339,/composition|outpatient_high_complexity_procedures|openehr-ehr-composition.outpatient_high_complexity_procedures.v1|openehr-ehr-composition.outpatient_high_complexity_procedures.v1/admin_entry|hcpa|openehr-ehr-admin_entry.high_complexity_procedures_sus.v1|openehr-ehr-admin_entry.high_complexity_procedures_sus.v1/item_tree|components|at0001|openehr-ehr-admin_entry.high_complexity_procedures_sus.v1/cluster|radiotherapy|at0017|openehr-ehr-admin_entry.high_complexity_procedures_sus.v1,,0.10526315789473684,0.8947368421052632,0.0,0.0,0.0,4
/composition|outpatient_high_complexity_procedures|openehr-ehr-composition.outpatient_high_complexity_procedures.v1|openehr-ehr-composition.outpatient_high_complexity_procedures.v1/observation|body_mass_index|openehr-ehr-observation.body_mass_index.v1|openehr-ehr-observation.body_mass_index.v1/none|history|at0001|openehr-ehr-observation.body_mass_index.v1/point_event|any_event|at0002|openehr-ehr-observation.body_mass_index.v1/item_tree|single|at0003|openehr-ehr-observation.body_mass_index.v1/element|body_mass_index|at0004|openehr-ehr-observation.body_mass_index.v1,Body Mass Index,ELEMENT,leaf,at0004,openEHR-EHR-OBSERVATION.body_mass_index.v1,edcb03a8-cc73-4485-a8a9-6559deb4597c,/composition|outpatient_high_complexity_procedures|openehr-ehr-composition.outpatient_high_complexity_procedures.v1|openehr-ehr-composition.outpatient_high_complexity_procedures.v1/observation|body_mass_index|openehr-ehr-observation.body_mass_index.v1|openehr-ehr-observation.body_mass_index.v1/none|history|at0001|openehr-ehr-observation.body_mass_index.v1/point_event|any_event|at0002|openehr-ehr-observation.body_mass_index.v1/item_tree|single|at0003|openehr-ehr-observation.body_mass_index.v1/element|body_mass_index|at0004|openehr-ehr-observation.body_mass_index.v1,DV_QUANTITY,0.5,0.5,0.5789473684210527,0.2894736842105263,0.46052631578947373,19
/composition|outpatient_high_complexity_procedures|openehr-ehr-composition.outpatient_high_complexity_procedures.v1|openehr-ehr-composition.outpatient_high_complexity_procedures.v1/evaluation|problem_diagnosis|openehr-ehr-evaluation.problem_diagnosis-sus.v1|openehr-ehr-evaluation.problem_diagnosis-sus.v1/item_tree|structure|at0001|openehr-ehr-evaluation.problem_diagnosis-sus.v1/cluster|tumour_-_tnm_cancer_staging|openehr-ehr-cluster.tnm_staging-sus.v1|openehr-ehr-evaluation.problem_diagnosis-sus.v1/cluster|clinical_(ctnm)|at0002|openehr-ehr-evaluation.problem_diagnosis-sus.v1,Clinical (cTNM),CLUSTER,substructure,at0002,openEHR-EHR-EVALUATION.problem_diagnosis-sus.v1,a575b369-c4a2-4bb5-84fa-619d5c641339,/composition|outpatient_high_complexity_procedures|openehr-ehr-composition.outpatient_high_complexity_procedures.v1|openehr-ehr-composition.outpatient_high_complexity_procedures.v1/evaluation|problem_diagnosis|openehr-ehr-evaluation.problem_diagnosis-sus.v1|openehr-ehr-evaluation.problem_diagnosis-sus.v1/item_tree|structure|at0001|openehr-ehr-evaluation.problem_diagnosis-sus.v1/cluster|tumour_-_tnm_cancer_staging|openehr-ehr-cluster.tnm_staging-sus.v1|openehr-ehr-evaluation.problem_diagnosis-sus.v1/cluster|clinical_(ctnm)|at0002|openehr-ehr-evaluation.problem_diagnosis-sus.v1,,0.21052631578947367,0.7894736842105263,0.0,0.0,0.0,8
/composition|outpatient_high_complexity_procedures|openehr-ehr-composition.outpatient_high_complexity_procedures.v1|openehr-ehr-composition.outpatient_high_complexity_procedures.v1/evaluation|problem_diagnosis|openehr-ehr-evaluation.problem_diagnosis-sus.v1|openehr-ehr-evaluation.problem_diagnosis-sus.v1/item_tree|structure|at0001|openehr-ehr-evaluation.problem_diagnosis-sus.v1/element|secondary_diagnosis|at0.1|openehr-ehr-evaluation.problem_diagnosis-sus.v1,Secondary Diagnosis,ELEMENT,leaf,at0.1,openEHR-EHR-EVALUATION.problem_diagnosis-sus.v1,a575b369-c4a2-4bb5-84fa-619d5c641339,/composition|outpatient_high_complexity_procedures|openehr-ehr-composition.outpatient_high_complexity_procedures.v1|openehr-ehr-composition.outpatient_high_complexity_procedures.v1/evaluation|problem_diagnosis|openehr-ehr-evaluation.problem_diagnosis-sus.v1|openehr-ehr-evaluation.problem_diagnosis-sus.v1/item_tree|structure|at0001|openehr-ehr-evaluation.problem_diagnosis-sus.v1/element|secondary_diagnosis|at0.1|openehr-ehr-evaluation.problem_diagnosis-sus.v1,DV_CODED_TEXT,0.7105263157894737,0.2894736842105263,0.07407407407407407,0.05263157894736842,0.376598568790397,27
/composition|outpatient_high_complexity_procedures|openehr-ehr-composition.outpatient_high_complexity_procedures.v1|openehr-ehr-composition.outpatient_high_complexity_procedures.v1/evaluation|problem_diagnosis|openehr-ehr-evaluation.problem_diagnosis-sus.v1|openehr-ehr-evaluation.problem_diagnosis-sus.v1/item_tree|structure|at0001|openehr-ehr-evaluation.problem_diagnosis-sus.v1/element|problem|at0002.1|openehr-ehr-evaluation.problem_diagnosis-sus.v1,Problem,ELEMENT,leaf,at0002.1,openEHR-EHR-EVALUATION.problem_diagnosis-sus.v1,a575b369-c4a2-4bb5-84fa-619d5c641339,/composition|outpatient_high_complexity_procedures|openehr-ehr-composition.outpatient_high_complexity_procedures.v1|openehr-ehr-composition.outpatient_high_complexity_procedures.v1/evaluation|problem_diagnosis|openehr-ehr-evaluation.problem_diagnosis-sus.v1|openehr-ehr-evaluation.problem_diagnosis-sus.v1/item_tree|structure|at0001|openehr-ehr-evaluation.problem_diagnosis-sus.v1/element|problem|at0002.1|openehr-ehr-evaluation.problem_diagnosis-sus.v1,DV_CODED_TEXT,0.7105263157894737,0.2894736842105263,0.2222222222222222,0.15789473684210525,0.4626442751615881,27
/composition|outpatient_high_complexity_procedures|openehr-ehr-composition.outpatient_high_complexity_procedures.v1|openehr-ehr-composition.outpatient_high_complexity_procedures.v1/evaluation|problem_diagnosis|openehr-ehr-evaluation.problem_diagnosis-sus.v1|openehr-ehr-evaluation.problem_diagnosis-sus.v1/item_tree|structure|at0001|openehr-ehr-evaluation.problem_diagnosis-sus.v1/element|associated_causes|at0.2|openehr-ehr-evaluation.problem_diagnosis-sus.v1,Associated causes,ELEMENT,leaf,at0.2,openEHR-EHR-EVALUATION.problem_diagnosis-sus.v1,a575b369-c4a2-4bb5-84fa-619d5c641339,/composition|outpatient_high_complexity_procedures|openehr-ehr-composition.outpatient_high_complexity_procedures.v1|openehr-ehr-composition.outpatient_high_complexity_procedures.v1/evaluation|problem_diagnosis|openehr-ehr-evaluation.problem_diagnosis-sus.v1|openehr-ehr-evaluation.problem_diagnosis-sus.v1/item_tree|structure|at0001|openehr-ehr-evaluation.problem_diagnosis-sus.v1/element|associated_causes|at0.2|openehr-ehr-evaluation.problem_diagnosis-sus.v1,DV_CODED_TEXT,0.7105263157894737,0.2894736842105263,0.07407407407407407,0.05263157894736842,0.376598568790397,27
/composition|outpatient_high_complexity_procedures|openehr-ehr-composition.outpatient_high_complexity_procedures.v1|openehr-ehr-composition.outpatient_high_complexity_procedures.v1/action|procedure_undertaken|openehr-ehr-action.procedure-sus.v1|openehr-ehr-action.procedure-sus.v1/item_tree|procedure_list|at0001|openehr-ehr-action.procedure-sus.v1/element|irradiated_area_2|at0.59|openehr-ehr-action.procedure-sus.v1,irradiated area 2,ELEMENT,leaf,at0.59,openEHR-EHR-ACTION.procedure-sus.v1,a575b369-c4a2-4bb5-84fa-619d5c641339,/composition|outpatient_high_complexity_procedures|openehr-ehr-composition.outpatient_high_complexity_procedures.v1|openehr-ehr-composition.outpatient_high_complexity_procedures.v1/action|procedure_undertaken|openehr-ehr-action.procedure-sus.v1|openehr-ehr-action.procedure-sus.v1/item_tree|procedure_list|at0001|openehr-ehr-action.procedure-sus.v1/element|irradiated_area_2|at0.59|openehr-ehr-action.procedure-sus.v1,,0.10526315789473684,0.8947368421052632,0.25,0.02631578947368421,0.15146006463527237,4
/composition|outpatient_high_complexity_procedures|openehr-ehr-composition.outpatient_high_complexity_procedures.v1|openehr-ehr-composition.outpatient_high_complexity_procedures.v1/observation|body_mass_index|openehr-ehr-observation.body_mass_index.v1|openehr-ehr-observation.body_mass_index.v1/none|history|at0001|openehr-ehr-observation.body_mass_index.v1,history,UNKNOWN,substructure,at0001,openEHR-EHR-OBSERVATION.body_mass_index.v1,edcb03a8-cc73-4485-a8a9-6559deb4597c,/composition|outpatient_high_complexity_procedures|openehr-ehr-composition.outpatient_high_complexity_procedures.v1|openehr-ehr-composition.outpatient_high_complexity_procedures.v1/observation|body_mass_index|openehr-ehr-observation.body_mass_index.v1|openehr-ehr-observation.body_mass_index.v1/none|history|at0001|openehr-ehr-observation.body_mass_index.v1,,0.5,0.5,0.0,0.0,0.0,19
/composition|outpatient_high_complexity_procedures|openehr-ehr-composition.outpatient_high_complexity_procedures.v1|openehr-ehr-composition.outpatient_high_complexity_procedures.v1/action|procedure_undertaken|openehr-ehr-action.procedure-sus.v1|openehr-ehr-action.procedure-sus.v1,Procedure undertaken,ACTION,substructure,openEHR-EHR-ACTION.procedure-sus.v1,openEHR-EHR-ACTION.procedure-sus.v1,a575b369-c4a2-4bb5-84fa-619d5c641339,/composition|outpatient_high_complexity_procedures|openehr-ehr-composition.outpatient_high_complexity_procedures.v1|openehr-ehr-composition.outpatient_high_complexity_procedures.v1/action|procedure_undertaken|openehr-ehr-action.procedure-sus.v1|openehr-ehr-action.procedure-sus.v1,,0.7105263157894737,0.2894736842105263,0.0,0.0,0.0,27
/composition|outpatient_high_complexity_procedures|openehr-ehr-composition.outpatient_high_complexity_procedures.v1|openehr-ehr-composition.outpatient_high_complexity_procedures.v1/admin_entry|hcpa|openehr-ehr-admin_entry.high_complexity_procedures_sus.v1|openehr-ehr-admin_entry.high_complexity_procedures_sus.v1/item_tree|components|at0001|openehr-ehr-admin_entry.high_complexity_procedures_sus.v1/cluster|radiotherapy|at0017|openehr-ehr-admin_entry.high_complexity_procedures_sus.v1/element|date_of_beginning_of_radiotherapy|at0032|openehr-ehr-admin_entry.high_complexity_procedures_sus.v1,date of beginning of radiotherapy,ELEMENT,leaf,at0032,openEHR-EHR-ADMIN_ENTRY.high_complexity_procedures_sus.v1,a575b369-c4a2-4bb5-84fa-619d5c641339,/composition|outpatient_high_complexity_procedures|openehr-ehr-composition.outpatient_high_complexity_procedures.v1|openehr-ehr-composition.outpatient_high_complexity_procedures.v1/admin_entry|hcpa|openehr-ehr-admin_entry.high_complexity_procedures_sus.v1|openehr-ehr-admin_entry.high_complexity_procedures_sus.v1/item_tree|components|at0001|openehr-ehr-admin_entry.high_complexity_procedures_sus.v1/cluster|radiotherapy|at0017|openehr-ehr-admin_entry.high_complexity_procedures_sus.v1/element|date_of_beginning_of_radiotherapy|at0032|openehr-ehr-admin_entry.high_complexity_procedures_sus.v1,DV_DATE,0.10526315789473684,0.8947368421052632,1.0,0.10526315789473684,0.2523949676823638,4
/composition|outpatient_high_complexity_procedures|openehr-ehr-composition.outpatient_high_complexity_procedures.v1|openehr-ehr-composition.outpatient_high_complexity_procedures.v1/admin_entry|patient_discharge|openehr-ehr-admin_entry.patient_discharge.v1|openehr-ehr-admin_entry.patient_discharge.v1/item_tree|components|at0001|openehr-ehr-admin_entry.patient_discharge.v1,Components,ITEM_TREE,substructure,at0001,openEHR-EHR-ADMIN_ENTRY.patient_discharge.v1,a575b369-c4a2-4bb5-84fa-619d5c641339,/composition|outpatient_high_complexity_procedures|openehr-ehr-composition.outpatient_high_complexity_procedures.v1|openehr-ehr-composition.outpatient_high_complexity_procedures.v1/admin_entry|patient_discharge|openehr-ehr-admin_entry.patient_discharge.v1|openehr-ehr-admin_entry.patient_discharge.v1/item_tree|components|at0001|openehr-ehr-admin_entry.patient_discharge.v1,,0.7105263157894737,0.2894736842105263,0.0,0.0,0.0,27
/composition|outpatient_high_complexity_procedures|openehr-ehr-composition.outpatient_high_complexity_procedures.v1|openehr-ehr-composition.outpatient_high_complexity_procedures.v1/action|procedure_undertaken|openehr-ehr-action.procedure-sus.v1|openehr-ehr-action.procedure-sus.v1/item_tree|procedure_list|at0001|openehr-ehr-action.procedure-sus.v1/element|fields_insertions_2|at0.61|openehr-ehr-action.procedure-sus.v1,fields/insertions 2,ELEMENT,leaf,at0.61,openEHR-EHR-ACTION.procedure-sus.v1,a575b369-c4a2-4bb5-84fa-619d5c641339,/composition|outpatient_high_complexity_procedures|openehr-ehr-composition.outpatient_high_complexity_procedures.v1|openehr-ehr-composition.outpatient_high_complexity_procedures.v1/action|procedure_undertaken|openehr-ehr-action.procedure-sus.v1|openehr-ehr-action.procedure-sus.v1/item_tree|procedure_list|at0001|openehr-ehr-action.procedure-sus.v1/element|fields_insertions_2|at0.61|openehr-ehr-action.procedure-sus.v1,,0.10526315789473684,0.8947368421052632,0.25,0.02631578947368421,0.15146006463527237,4
/composition|outpatient_high_complexity_procedures|openehr-ehr-composition.outpatient_high_complexity_procedures.v1|openehr-ehr-composition.outpatient_high_complexity_procedures.v1/observation|body_mass_index|openehr-ehr-observation.body_mass_index.v1|openehr-ehr-observation.body_mass_index.v1/none|history|at0001|openehr-ehr-observation.body_mass_index.v1/point_event|any_event|at0002|openehr-ehr-observation.body_mass_index.v1,Any event,POINT_EVENT,substructure,at0002,openEHR-EHR-OBSERVATION.body_mass_index.v1,edcb03a8-cc73-4485-a8a9-6559deb4597c,/composition|outpatient_high_complexity_procedures|openehr-ehr-composition.outpatient_high_complexity_procedures.v1|openehr-ehr-composition.outpatient_high_complexity_procedures.v1/observation|body_mass_index|openehr-ehr-observation.body_mass_index.v1|openehr-ehr-observation.body_mass_index.v1/none|history|at0001|openehr-ehr-observation.body_mass_index.v1/point_event|any_event|at0002|openehr-ehr-observation.body_mass_index.v1,,0.5,0.5,0.0,0.0,0.0,19
/composition|outpatient_high_complexity_procedures|openehr-ehr-composition.outpatient_high_complexity_procedures.v1|openehr-ehr-composition.outpatient_high_complexity_procedures.v1/admin_entry|hcpa|openehr-ehr-admin_entry.high_complexity_procedures_sus.v1|openehr-ehr-admin_entry.high_complexity_procedures_sus.v1/item_tree|components|at0001|openehr-ehr-admin_entry.high_complexity_procedures_sus.v1/cluster|general_data|at0023|openehr-ehr-admin_entry.high_complexity_procedures_sus.v1,General data,CLUSTER,substructure,at0023,openEHR-EHR-ADMIN_ENTRY.high_complexity_procedures_sus.v1,a575b369-c4a2-4bb5-84fa-619d5c641339,/composition|outpatient_high_complexity_procedures|openehr-ehr-composition.outpatient_high_complexity_procedures.v1|openehr-ehr-composition.outpatient_high_complexity_procedures.v1/admin_entry|hcpa|openehr-ehr-admin_entry.high_complexity_procedures_sus.v1|openehr-ehr-admin_entry.high_complexity_procedures_sus.v1/item_tree|components|at0001|openehr-ehr-admin_entry.high_complexity_procedures_sus.v1/cluster|general_data|at0023|openehr-ehr-admin_entry.high_complexity_procedures_sus.v1,,0.7105263157894737,0.2894736842105263,0.0,0.0,0.0,27
/composition|outpatient_high_complexity_procedures|openehr-ehr-composition.outpatient_high_complexity_procedures.v1|openehr-ehr-composition.outpatient_high_complexity_procedures.v1/action|procedure_undertaken|openehr-ehr-action.procedure-sus.v1|openehr-ehr-action.procedure-sus.v1/item_tree|procedure_list|at0001|openehr-ehr-action.procedure-sus.v1/element|fields_insertions_1|at0.61|openehr-ehr-action.procedure-sus.v1,fields/insertions 1,ELEMENT,leaf,at0.61,openEHR-EHR-ACTION.procedure-sus.v1,a575b369-c4a2-4bb5-84fa-619d5c641339,/composition|outpatient_high_complexity_procedures|openehr-ehr-composition.outpatient_high_complexity_procedures.v1|openehr-ehr-composition.outpatient_high_complexity_procedures.v1/action|procedure_undertaken|openehr-ehr-action.procedure-sus.v1|openehr-ehr-action.procedure-sus.v1/item_tree|procedure_list|at0001|openehr-ehr-action.procedure-sus.v1/element|fields_insertions_1|at0.61|openehr-ehr-action.procedure-sus.v1,DV_COUNT,0.10526315789473684,0.8947368421052632,1.0,0.10526315789473684,0.2219673361034164,4
/composition|outpatient_high_complexity_procedures|openehr-ehr-composition.outpatient_high_complexity_procedures.v1|openehr-ehr-composition.outpatient_high_complexity_procedures.v1/admin_entry|patient_discharge|openehr-ehr-admin_entry.patient_discharge.v1|openehr-ehr-admin_entry.patient_discharge.v1/item_tree|components|at0001|openehr-ehr-admin_entry.patient_discharge.v1/element|date_of_discharge|at0002|openehr-ehr-admin_entry.patient_discharge.v1,date of discharge,ELEMENT,leaf,at0002,openEHR-EHR-ADMIN_ENTRY.patient_discharge.v1,a575b369-c4a2-4bb5-84fa-619d5c641339,/composition|outpatient_high_complexity_procedures|openehr-ehr-composition.outpatient_high_complexity_procedures.v1|openehr-ehr-composition.outpatient_high_complexity_procedures.v1/admin_entry|patient_discharge|openehr-ehr-admin_entry.patient_discharge.v1|openehr-ehr-admin_entry.patient_discharge.v1/item_tree|components|at0001|openehr-ehr-admin_entry.patient_discharge.v1/element|date_of_discharge|at0002|openehr-ehr-admin_entry.patient_discharge.v1,,0.7105263157894737,0.2894736842105263,0.2962962962962963,0.21052631578947367,0.4870267774699907,27
/composition|outpatient_high_complexity_procedures|openehr-ehr-composition.outpatient_high_complexity_procedures.v1|openehr-ehr-composition.outpatient_high_complexity_procedures.v1/evaluation|problem_diagnosis|openehr-ehr-evaluation.problem_diagnosis-sus.v1|openehr-ehr-evaluation.problem_diagnosis-sus.v1/item_tree|structure|at0001|openehr-ehr-evaluation.problem_diagnosis-sus.v1/cluster|tumour_-_tnm_cancer_staging|openehr-ehr-cluster.tnm_staging-sus.v1|openehr-ehr-evaluation.problem_diagnosis-sus.v1/cluster|pathological_(ptnm)|at0006|openehr-ehr-evaluation.problem_diagnosis-sus.v1/element|histopathological_grading_(g)|at0035|openehr-ehr-evaluation.problem_diagnosis-sus.v1,Histopathological grading (G),ELEMENT,leaf,at0035,openEHR-EHR-EVALUATION.problem_diagnosis-sus.v1,a575b369-c4a2-4bb5-84fa-619d5c641339,/composition|outpatient_high_complexity_procedures|openehr-ehr-composition.outpatient_high_complexity_procedures.v1|openehr-ehr-composition.outpatient_high_complexity_procedures.v1/evaluation|problem_diagnosis|openehr-ehr-evaluation.problem_diagnosis-sus.v1|openehr-ehr-evaluation.problem_diagnosis-sus.v1/item_tree|structure|at0001|openehr-ehr-evaluation.problem_diagnosis-sus.v1/cluster|tumour_-_tnm_cancer_staging|openehr-ehr-cluster.tnm_staging-sus.v1|openehr-ehr-evaluation.problem_diagnosis-sus.v1/cluster|pathological_(ptnm)|at0006|openehr-ehr-evaluation.problem_diagnosis-sus.v1/element|histopathological_grading_(g)|at0035|openehr-ehr-evaluation.problem_diagnosis-sus.v1,,0.21052631578947367,0.7894736842105263,0.25,0.05263157894736842,0.20740997229916897,8
/composition|outpatient_high_complexity_procedures|openehr-ehr-composition.outpatient_high_complexity_procedures.v1|openehr-ehr-composition.outpatient_high_complexity_procedures.v1/admin_entry|hcpa|openehr-ehr-admin_entry.high_complexity_procedures_sus.v1|openehr-ehr-admin_entry.high_complexity_procedures_sus.v1/item_tree|components|at0001|openehr-ehr-admin_entry.high_complexity_procedures_sus.v1,components,ITEM_TREE,substructure,at0001,openEHR-EHR-ADMIN_ENTRY.high_complexity_procedures_sus.v1,a575b369-c4a2-4bb5-84fa-619d5c641339,/composition|outpatient_high_complexity_procedures|openehr-ehr-composition.outpatient_high_complexity_procedures.v1|openehr-ehr-composition.outpatient_high_complexity_procedures.v1/admin_entry|hcpa|openehr-ehr-admin_entry.high_complexity_procedures_sus.v1|openehr-ehr-admin_entry.high_complexity_procedures_sus.v1/item_tree|components|at0001|openehr-ehr-admin_entry.high_complexity_procedures_sus.v1,,0.7105263157894737,0.2894736842105263,0.0,0.0,0.0,27
/composition|outpatient_high_complexity_procedures|openehr-ehr-composition.outpatient_high_complexity_procedures.v1|openehr-ehr-composition.outpatient_high_complexity_procedures.v1/admin_entry|hcpa|openehr-ehr-admin_entry.high_complexity_procedures_sus.v1|openehr-ehr-admin_entry.high_complexity_procedures_sus.v1,HCPA,ADMIN_ENTRY,substructure,openEHR-EHR-ADMIN_ENTRY.high_complexity_procedures_sus.v1,openEHR-EHR-ADMIN_ENTRY.high_complexity_procedures_sus.v1,a575b369-c4a2-4bb5-84fa-619d5c641339,/composition|outpatient_high_complexity_procedures|openehr-ehr-composition.outpatient_high_complexity_procedures.v1|openehr-ehr-composition.outpatient_high_complexity_procedures.v1/admin_entry|hcpa|openehr-ehr-admin_entry.high_complexity_procedures_sus.v1|openehr-ehr-admin_entry.high_complexity_procedures_sus.v1,,0.7105263157894737,0.2894736842105263,0.0,0.0,0.0,27
/composition|outpatient_high_complexity_procedures|openehr-ehr-composition.outpatient_high_complexity_procedures.v1|openehr-ehr-composition.outpatient_high_complexity_procedures.v1/evaluation|bariatric_surgery_evaluation|openehr-ehr-evaluation.bariatric_surgery_evaluation.v1|openehr-ehr-evaluation.bariatric_surgery_evaluation.v1/item_tree|components|at0001|openehr-ehr-evaluation.bariatric_surgery_evaluation.v1/element|duration_of_follow-up_(months)|at0002|openehr-ehr-evaluation.bariatric_surgery_evaluation.v1,duration of follow-up (months),ELEMENT,leaf,at0002,openEHR-EHR-EVALUATION.bariatric_surgery_evaluation.v1,edcb03a8-cc73-4485-a8a9-6559deb4597c,/composition|outpatient_high_complexity_procedures|openehr-ehr-composition.outpatient_high_complexity_procedures.v1|openehr-ehr-composition.outpatient_high_complexity_procedures.v1/evaluation|bariatric_surgery_evaluation|openehr-ehr-evaluation.bariatric_surgery_evaluation.v1|openehr-ehr-evaluation.bariatric_surgery_evaluation.v1/item_tree|components|at0001|openehr-ehr-evaluation.bariatric_surgery_evaluation.v1/element|duration_of_follow-up_(months)|at0002|openehr-ehr-evaluation.bariatric_surgery_evaluation.v1,,0.5,0.5,0.3157894736842105,0.15789473684210525,0.3611293859649123,19
/composition|outpatient_high_complexity_procedures|openehr-ehr-composition.outpatient_high_complexity_procedures.v1|openehr-ehr-composition.outpatient_high_complexity_procedures.v1/admin_entry|hcpa|openehr-ehr-admin_entry.high_complexity_procedures_sus.v1|openehr-ehr-admin_entry.high_complexity_procedures_sus.v1/item_tree|components|at0001|openehr-ehr-admin_entry.high_complexity_procedures_sus.v1/cluster|chemotherapy|at0016|openehr-ehr-admin_entry.high_complexity_procedures_sus.v1/element|duration_of_treatment|at0013|openehr-ehr-admin_entry.high_complexity_procedures_sus.v1,duration of treatment,ELEMENT,leaf,at0013,openEHR-EHR-ADMIN_ENTRY.high_complexity_procedures_sus.v1,b1fffd24-8222-4a68-8b3f-075e228b98e1,/composition|outpatient_high_complexity_procedures|openehr-ehr-composition.outpatient_high_complexity_procedures.v1|openehr-ehr-composition.outpatient_high_complexity_procedures.v1/admin_entry|hcpa|openehr-ehr-admin_entry.high_complexity_procedures_sus.v1|openehr-ehr-admin_entry.high_complexity_procedures_sus.v1/item_tree|components|at0001|openehr-ehr-admin_entry.high_complexity_procedures_sus.v1/cluster|chemotherapy|at0016|openehr-ehr-admin_entry.high_complexity_procedures_sus.v1/element|duration_of_treatment|at0013|openehr-ehr-admin_entry.high_complexity_procedures_sus.v1,DV_QUANTITY,0.10526315789473684,0.8947368421052632,0.25,0.02631578947368421,0.16936172668513386,4
/composition|demographic_data|openehr-ehr-composition.demographic_data.v1|openehr-ehr-composition.demographic_data.v1/admin_entry|demographic_data|openehr-ehr-admin_entry.demographic_data.v1|openehr-ehr-admin_entry.demographic_data.v1/item_tree|components|at0001|openehr-ehr-admin_entry.demographic_data.v1/element|birth_date|at0002|openehr-ehr-admin_entry.demographic_data.v1,birth date,ELEMENT,leaf,at0002,openEHR-EHR-ADMIN_ENTRY.demographic_data.v1,0cea0dec-8a12-48cb-b83c-3294aa68c9a8,/composition|demographic_data|openehr-ehr-composition.demographic_data.v1|openehr-ehr-composition.demographic_data.v1/admin_entry|demographic_data|openehr-ehr-admin_entry.demographic_data.v1|openehr-ehr-admin_entry.demographic_data.v1/item_tree|components|at0001|openehr-ehr-admin_entry.demographic_data.v1/element|birth_date|at0002|openehr-ehr-admin_entry.demographic_data.v1,DV_DATE,0.2894736842105263,0.7105263157894737,1.0,0.2894736842105263,0.3031509695290859,11
/composition|outpatient_high_complexity_procedures|openehr-ehr-composition.outpatient_high_complexity_procedures.v1|openehr-ehr-composition.outpatient_high_complexity_procedures.v1/admin_entry|hcpa|openehr-ehr-admin_entry.high_complexity_procedures_sus.v1|openehr-ehr-admin_entry.high_complexity_procedures_sus.v1/item_tree|components|at0001|openehr-ehr-admin_entry.high_complexity_procedures_sus.v1/cluster|chemotherapy|at0016|openehr-ehr-admin_entry.high_complexity_procedures_sus.v1/element|date_of_beginning_of_chemotherapy|at0031|openehr-ehr-admin_entry.high_complexity_procedures_sus.v1,date of beginning of chemotherapy,ELEMENT,leaf,at0031,openEHR-EHR-ADMIN_ENTRY.high_complexity_procedures_sus.v1,b1fffd24-8222-4a68-8b3f-075e228b98e1,/composition|outpatient_high_complexity_procedures|openehr-ehr-composition.outpatient_high_complexity_procedures.v1|openehr-ehr-composition.outpatient_high_complexity_procedures.v1/admin_entry|hcpa|openehr-ehr-admin_entry.high_complexity_procedures_sus.v1|openehr-ehr-admin_entry.high_complexity_procedures_sus.v1/item_tree|components|at0001|openehr-ehr-admin_entry.high_complexity_procedures_sus.v1/cluster|chemotherapy|at0016|openehr-ehr-admin_entry.high_complexity_procedures_sus.v1/element|date_of_beginning_of_chemotherapy|at0031|openehr-ehr-admin_entry.high_complexity_procedures_sus.v1,DV_DATE,0.10526315789473684,0.8947368421052632,0.25,0.02631578947368421,0.16936172668513386,4
/composition|outpatient_high_complexity_procedures|openehr-ehr-composition.outpatient_high_complexity_procedures.v1|openehr-ehr-composition.outpatient_high_complexity_procedures.v1,Outpatient high complexity procedures,COMPOSITION,section,openEHR-EHR-COMPOSITION.outpatient_high_complexity_procedures.v1,openEHR-EHR-COMPOSITION.outpatient_high_complexity_procedures.v1,a575b369-c4a2-4bb5-84fa-619d5c641339,/composition|outpatient_high_complexity_procedures|openehr-ehr-composition.outpatient_high_complexity_procedures.v1|openehr-ehr-composition.outpatient_high_complexity_procedures.v1,,0.7105263157894737,0.2894736842105263,0.0,0.0,0.0,27
/composition|outpatient_high_complexity_procedures|openehr-ehr-composition.outpatient_high_complexity_procedures.v1|openehr-ehr-composition.outpatient_high_complexity_procedures.v1/evaluation|problem_diagnosis|openehr-ehr-evaluation.problem_diagnosis-sus.v1|openehr-ehr-evaluation.problem_diagnosis-sus.v1,Problem/Diagnosis,EVALUATION,substructure,openEHR-EHR-EVALUATION.problem_diagnosis-sus.v1,openEHR-EHR-EVALUATION.problem_diagnosis-sus.v1,a575b369-c4a2-4bb5-84fa-619d5c641339,/composition|outpatient_high_complexity_procedures|openehr-ehr-composition.outpatient_high_complexity_procedures.v1|openehr-ehr-composition.outpatient_high_complexity_procedures.v1/evaluation|problem_diagnosis|openehr-ehr-evaluation.problem_diagnosis-sus.v1|openehr-ehr-evaluation.problem_diagnosis-sus.v1,,0.7105263157894737,0.2894736842105263,0.0,0.0,0.0,27
/composition|outpatient_high_complexity_procedures|openehr-ehr-composition.outpatient_high_complexity_procedures.v1|openehr-ehr-composition.outpatient_high_complexity_procedures.v1/admin_entry|hcpa|openehr-ehr-admin_entry.high_complexity_procedures_sus.v1|openehr-ehr-admin_entry.high_complexity_procedures_sus.v1/item_tree|components|at0001|openehr-ehr-admin_entry.high_complexity_procedures_sus.v1/cluster|chemotherapy|at0016|openehr-ehr-admin_entry.high_complexity_procedures_sus.v1/element|schema|at0014|openehr-ehr-admin_entry.high_complexity_procedures_sus.v1,schema,ELEMENT,leaf,at0014,openEHR-EHR-ADMIN_ENTRY.high_complexity_procedures_sus.v1,b1fffd24-8222-4a68-8b3f-075e228b98e1,/composition|outpatient_high_complexity_procedures|openehr-ehr-composition.outpatient_high_complexity_procedures.v1|openehr-ehr-composition.outpatient_high_complexity_procedures.v1/admin_entry|hcpa|openehr-ehr-admin_entry.high_complexity_procedures_sus.v1|openehr-ehr-admin_entry.high_complexity_procedures_sus.v1/item_tree|components|at0001|openehr-ehr-admin_entry.high_complexity_procedures_sus.v1/cluster|chemotherapy|at0016|openehr-ehr-admin_entry.high_complexity_procedures_sus.v1/element|schema|at0014|openehr-ehr-admin_entry.high_complexity_procedures_sus.v1,DV_TEXT,0.10526315789473684,0.8947368421052632,0.25,0.02631578947368421,0.16936172668513386,4
/composition|outpatient_high_complexity_procedures|openehr-ehr-composition.outpatient_high_complexity_procedures.v1|openehr-ehr-composition.outpatient_high_complexity_procedures.v1/evaluation|problem_diagnosis|openehr-ehr-evaluation.problem_diagnosis-sus.v1|openehr-ehr-evaluation.problem_diagnosis-sus.v1/item_tree|structure|at0001|openehr-ehr-evaluation.problem_diagnosis-sus.v1/cluster|tumour_-_tnm_cancer_staging|openehr-ehr-cluster.tnm_staging-sus.v1|openehr-ehr-evaluation.problem_diagnosis-sus.v1/cluster|pathological_(ptnm)|at0006|openehr-ehr-evaluation.problem_diagnosis-sus.v1,Pathological (pTNM),CLUSTER,substructure,at0006,openEHR-EHR-EVALUATION.problem_diagnosis-sus.v1,a575b369-c4a2-4bb5-84fa-619d5c641339,/composition|outpatient_high_complexity_procedures|openehr-ehr-composition.outpatient_high_complexity_procedures.v1|openehr-ehr-composition.outpatient_high_complexity_procedures.v1/evaluation|problem_diagnosis|openehr-ehr-evaluation.problem_diagnosis-sus.v1|openehr-ehr-evaluation.problem_diagnosis-sus.v1/item_tree|structure|at0001|openehr-ehr-evaluation.problem_diagnosis-sus.v1/cluster|tumour_-_tnm_cancer_staging|openehr-ehr-cluster.tnm_staging-sus.v1|openehr-ehr-evaluation.problem_diagnosis-sus.v1/cluster|pathological_(ptnm)|at0006|openehr-ehr-evaluation.problem_diagnosis-sus.v1,,0.21052631578947367,0.7894736842105263,0.0,0.0,0.0,8
/composition|outpatient_high_complexity_procedures|openehr-ehr-composition.outpatient_high_complexity_procedures.v1|openehr-ehr-composition.outpatient_high_complexity_procedures.v1/admin_entry|hcpa|openehr-ehr-admin_entry.high_complexity_procedures_sus.v1|openehr-ehr-admin_entry.high_complexity_procedures_sus.v1/item_tree|components|at0001|openehr-ehr-admin_entry.high_complexity_procedures_sus.v1/cluster|general_data|at0023|openehr-ehr-admin_entry.high_complexity_procedures_sus.v1/element|issue_date|at0009|openehr-ehr-admin_entry.high_complexity_procedures_sus.v1,issue date,ELEMENT,leaf,at0009,openEHR-EHR-ADMIN_ENTRY.high_complexity_procedures_sus.v1,a575b369-c4a2-4bb5-84fa-619d5c641339,/composition|outpatient_high_complexity_procedures|openehr-ehr-composition.outpatient_high_complexity_procedures.v1|openehr-ehr-composition.outpatient_high_complexity_procedures.v1/admin_entry|hcpa|openehr-ehr-admin_entry.high_complexity_procedures_sus.v1|openehr-ehr-admin_entry.high_complexity_procedures_sus.v1/item_tree|components|at0001|openehr-ehr-admin_entry.high_complexity_procedures_sus.v1/cluster|general_data|at0023|openehr-ehr-admin_entry.high_complexity_procedures_sus.v1/element|issue_date|at0009|openehr-ehr-admin_entry.high_complexity_procedures_sus.v1,DV_DATE,0.7105263157894737,0.2894736842105263,0.4444444444444444,0.3157894736842105,0.6352435364727609,27
/composition|outpatient_high_complexity_procedures|openehr-ehr-composition.outpatient_high_complexity_procedures.v1|openehr-ehr-composition.outpatient_high_complexity_procedures.v1/evaluation|bariatric_surgery_evaluation|openehr-ehr-evaluation.bariatric_surgery_evaluation.v1|openehr-ehr-evaluation.bariatric_surgery_evaluation.v1/item_tree|components|at0001|openehr-ehr-evaluation.bariatric_surgery_evaluation.v1/element|baros_table|at0004|openehr-ehr-evaluation.bariatric_surgery_evaluation.v1,Baros table,ELEMENT,leaf,at0004,openEHR-EHR-EVALUATION.bariatric_surgery_evaluation.v1,edcb03a8-cc73-4485-a8a9-6559deb4597c,/composition|outpatient_high_complexity_procedures|openehr-ehr-composition.outpatient_high_complexity_procedures.v1|openehr-ehr-composition.outpatient_high_complexity_procedures.v1/evaluation|bariatric_surgery_evaluation|openehr-ehr-evaluation.bariatric_surgery_evaluation.v1|openehr-ehr-evaluation.bariatric_surgery_evaluation.v1/item_tree|components|at0001|openehr-ehr-evaluation.bariatric_surgery_evaluation.v1/element|baros_table|at0004|openehr-ehr-evaluation.bariatric_surgery_evaluation.v1,DV_TEXT,0.5,0.5,0.15789473684210525,0.07894736842105263,0.2945175438596491,19
/composition|outpatient_high_complexity_procedures|openehr-ehr-composition.outpatient_high_complexity_procedures.v1|openehr-ehr-composition.outpatient_high_complexity_procedures.v1/evaluation|problem_diagnosis|openehr-ehr-evaluation.problem_diagnosis-sus.v1|openehr-ehr-evaluation.problem_diagnosis-sus.v1/item_tree|structure|at0001|openehr-ehr-evaluation.problem_diagnosis-sus.v1/cluster|tumour_-_tnm_cancer_staging|openehr-ehr-cluster.tnm_staging-sus.v1|openehr-ehr-evaluation.problem_diagnosis-sus.v1/element|topography|at0.43|openehr-ehr-evaluation.problem_diagnosis-sus.v1,topography,ELEMENT,leaf,at0.43,openEHR-EHR-EVALUATION.problem_diagnosis-sus.v1,a575b369-c4a2-4bb5-84fa-619d5c641339,/composition|outpatient_high_complexity_procedures|openehr-ehr-composition.outpatient_high_complexity_procedures.v1|openehr-ehr-composition.outpatient_high_complexity_procedures.v1/evaluation|problem_diagnosis|openehr-ehr-evaluation.problem_diagnosis-sus.v1|openehr-ehr-evaluation.problem_diagnosis-sus.v1/item_tree|structure|at0001|openehr-ehr-evaluation.problem_diagnosis-sus.v1/cluster|tumour_-_tnm_cancer_staging|openehr-ehr-cluster.tnm_staging-sus.v1|openehr-ehr-evaluation.problem_diagnosis-sus.v1/element|topography|at0.43|openehr-ehr-evaluation.problem_diagnosis-sus.v1,DV_CODED_TEXT,0.21052631578947367,0.7894736842105263,0.625,0.13157894736842105,0.2866920590951062,8
/composition|outpatient_high_complexity_procedures|openehr-ehr-composition.outpatient_high_complexity_procedures.v1|openehr-ehr-composition.outpatient_high_complexity_procedures.v1/admin_entry|hcpa|openehr-ehr-admin_entry.high_complexity_procedures_sus.v1|openehr-ehr-admin_entry.high_complexity_procedures_sus.v1/item_tree|components|at0001|openehr-ehr-admin_entry.high_complexity_procedures_sus.v1/cluster|general_data|at0023|openehr-ehr-admin_entry.high_complexity_procedures_sus.v1/element|patient_age|at0012|openehr-ehr-admin_entry.high_complexity_procedures_sus.v1,patient age,ELEMENT,leaf,at0012,openEHR-EHR-ADMIN_ENTRY.high_complexity_procedures_sus.v1,a575b369-c4a2-4bb5-84fa-619d5c641339,/composition|outpatient_high_complexity_procedures|openehr-ehr-composition.outpatient_high_complexity_procedures.v1|openehr-ehr-composition.outpatient_high_complexity_procedures.v1/admin_entry|hcpa|openehr-ehr-admin_entry.high_complexity_procedures_sus.v1|openehr-ehr-admin_entry.high_complexity_procedures_sus.v1/item_tree|components|at0001|openehr-ehr-admin_entry.high_complexity_procedures_sus.v1/cluster|general_data|at0023|openehr-ehr-admin_entry.high_complexity_procedures_sus.v1/element|patient_age|at0012|openehr-ehr-admin_entry.high_complexity_procedures_sus.v1,DV_COUNT,0.7105263157894737,0.2894736842105263,0.6666666666666666,0.47368421052631576,0.7633252539242844,27
/composition|outpatient_high_complexity_procedures|openehr-ehr-composition.outpatient_high_complexity_procedures.v1|openehr-ehr-composition.outpatient_high_complexity_procedures.v1/action|procedure_undertaken|openehr-ehr-action.procedure-sus.v1|openehr-ehr-action.procedure-sus.v1/item_tree|procedure_list|at0001|openehr-ehr-action.procedure-sus.v1,Procedure list,ITEM_TREE,substructure,at0001,openEHR-EHR-ACTION.procedure-sus.v1,a575b369-c4a2-4bb5-84fa-619d5c641339,/composition|outpatient_high_complexity_procedures|openehr-ehr-composition.outpatient_high_complexity_procedures.v1|openehr-ehr-composition.outpatient_high_complexity_procedures.v1/action|procedure_undertaken|openehr-ehr-action.procedure-sus.v1|openehr-ehr-action.procedure-sus.v1/item_tree|procedure_list|at0001|openehr-ehr-action.procedure-sus.v1,,0.7105263157894737,0.2894736842105263,0.0,0.0,0.0,27
