canonical_id,source_node_id,name,canonical_type,rm_type,aqf_type,datatype,archetype_node_id,archetype_id,template_id,path,parent,depth,coverage,sparsity,diversity,local_utility,queriability,lineage
form_subgroup_demographic_data_62669240,/composition|demographic_data|openehr-ehr-composition.demographic_data.v1|openehr-ehr-composition.demographic_data.v1/admin_entry|demographic_data|openehr-ehr-admin_entry.demographic_data.v1|openehr-ehr-admin_entry.demographic_data.v1,Demographic data,form_subgroup,ADMIN_ENTRY,substructure,,openEHR-EHR-ADMIN_ENTRY.demographic_data.v1,openEHR-EHR-ADMIN_ENTRY.demographic_data.v1,0cea0dec-8a12-48cb-b83c-3294aa68c9a8,/composition|demographic_data|openehr-ehr-composition.demographic_data.v1|openehr-ehr-composition.demographic_data.v1/admin_entry|demographic_data|openehr-ehr-admin_entry.demographic_data.v1|openehr-ehr-admin_entry.demographic_data.v1,form_group_demographic_data_67540904,1,0.2894736842105263,0.7105263157894737,0.0,0.0,0.0,form_group_demographic_data_67540904 > form_subgroup_demographic_data_62669240
form_subgroup_radiotherapy_76096955,/composition|outpatient_high_complexity_procedures|openehr-ehr-composition.outpatient_high_complexity_procedures.v1|openehr-ehr-composition.outpatient_high_complexity_procedures.v1/admin_entry|hcpa|openehr-ehr-admin_entry.high_complexity_procedures_sus.v1|openehr-ehr-admin_entry.high_complexity_procedures_sus.v1/item_tree|components|at0001|openehr-ehr-admin_entry.high_complexity_procedures_sus.v1/cluster|radiotherapy|at0017|openehr-ehr-admin_entry.high_complexity_procedures_sus.v1,radiotherapy,form_subgroup,CLUSTER,substructure,,at0017,openEHR-EHR-ADMIN_ENTRY.high_complexity_procedures_sus.v1,a575b369-c4a2-4bb5-84fa-619d5c641339,/composition|outpatient_high_complexity_procedures|openehr-ehr-composition.outpatient_high_complexity_procedures.v1|openehr-ehr-composition.outpatient_high_complexity_procedures.v1/admin_entry|hcpa|openehr-ehr-admin_entry.high_complexity_procedures_sus.v1|openehr-ehr-admin_entry.high_complexity_procedures_sus.v1/item_tree|components|at0001|openehr-ehr-admin_entry.high_complexity_procedures_sus.v1/cluster|radiotherapy|at0017|openehr-ehr-admin_entry.high_complexity_procedures_sus.v1,form_subgroup_components_22319484,3,0.10526315789473684,0.8947368421052632,0.0,0.0,0.0,form_group_outpatient_high_complexity_procedures_53094157 > form_subgroup_hcpa_39435095 > form_subgroup_components_22319484 > form_subgroup_radiotherapy_76096955
form_element_fields_insertions_1_86114040,/composition|outpatient_high_complexity_procedures|openehr-ehr-composition.outpatient_high_complexity_procedures.v1|openehr-ehr-composition.outpatient_high_complexity_procedures.v1/action|procedure_undertaken|openehr-ehr-action.procedure-sus.v1|openehr-ehr-action.procedure-sus.v1/item_tree|procedure_list|at0001|openehr-ehr-action.procedure-sus.v1/element|fields_insertions_1|at0.61|openehr-ehr-action.procedure-sus.v1,fields/insertions 1,form_element,ELEMENT,leaf,DV_COUNT,at0.61,openEHR-EHR-ACTION.procedure-sus.v1,a575b369-c4a2-4bb5-84fa-619d5c641339,/composition|outpatient_high_complexity_procedures|openehr-ehr-composition.outpatient_high_complexity_procedures.v1|openehr-ehr-composition.outpatient_high_complexity_procedures.v1/action|procedure_undertaken|openehr-ehr-action.procedure-sus.v1|openehr-ehr-action.procedure-sus.v1/item_tree|procedure_list|at0001|openehr-ehr-action.procedure-sus.v1/element|fields_insertions_1|at0.61|openehr-ehr-action.procedure-sus.v1,form_subgroup_procedure_list_22175009,3,0.10526315789473684,0.8947368421052632,1.0,0.10526315789473684,0.2219673361034164,form_group_outpatient_high_complexity_procedures_53094157 > form_subgroup_procedure_undertaken_15613614 > form_subgroup_procedure_list_22175009 > form_element_fields_insertions_1_86114040
form_element_birth_date_56612078,/composition|demographic_data|openehr-ehr-composition.demographic_data.v1|openehr-ehr-composition.demographic_data.v1/admin_entry|demographic_data|openehr-ehr-admin_entry.demographic_data.v1|openehr-ehr-admin_entry.demographic_data.v1/item_tree|components|at0001|openehr-ehr-admin_entry.demographic_data.v1/element|birth_date|at0002|openehr-ehr-admin_entry.demographic_data.v1,birth date,form_element,ELEMENT,leaf,DV_DATE,at0002,openEHR-EHR-ADMIN_ENTRY.demographic_data.v1,0cea0dec-8a12-48cb-b83c-3294aa68c9a8,/composition|demographic_data|openehr-ehr-composition.demographic_data.v1|openehr-ehr-composition.demographic_data.v1/admin_entry|demographic_data|openehr-ehr-admin_entry.demographic_data.v1|openehr-ehr-admin_entry.demographic_data.v1/item_tree|components|at0001|openehr-ehr-admin_entry.demographic_data.v1/element|birth_date|at0002|openehr-ehr-admin_entry.demographic_data.v1,form_subgroup_components_8986729,3,0.2894736842105263,0.7105263157894737,1.0,0.2894736842105263,0.3031509695290859,form_group_demographic_data_67540904 > form_subgroup_demographic_data_62669240 > form_subgroup_components_8986729 > form_element_birth_date_56612078
form_subgroup_general_data_59025507,/composition|outpatient_high_complexity_procedures|openehr-ehr-composition.outpatient_high_complexity_procedures.v1|openehr-ehr-composition.outpatient_high_complexity_procedures.v1/admin_entry|hcpa|openehr-ehr-admin_entry.high_complexity_procedures_sus.v1|openehr-ehr-admin_entry.high_complexity_procedures_sus.v1/item_tree|components|at0001|openehr-ehr-admin_entry.high_complexity_procedures_sus.v1/cluster|general_data|at0023|openehr-ehr-admin_entry.high_complexity_procedures_sus.v1,General data,form_subgroup,CLUSTER,substructure,,at0023,openEHR-EHR-ADMIN_ENTRY.high_complexity_procedures_sus.v1,a575b369-c4a2-4bb5-84fa-619d5c641339,/composition|outpatient_high_complexity_procedures|openehr-ehr-composition.outpatient_high_complexity_procedures.v1|openehr-ehr-composition.outpatient_high_complexity_procedures.v1/admin_entry|hcpa|openehr-ehr-admin_entry.high_complexity_procedures_sus.v1|openehr-ehr-admin_entry.high_complexity_procedures_sus.v1/item_tree|components|at0001|openehr-ehr-admin_entry.high_complexity_procedures_sus.v1/cluster|general_data|at0023|openehr-ehr-admin_entry.high_complexity_procedures_sus.v1,form_subgroup_components_22319484,3,0.7105263157894737,0.2894736842105263,0.0,0.0,0.0,form_group_outpatient_high_complexity_procedures_53094157 > form_subgroup_hcpa_39435095 > form_subgroup_components_22319484 > form_subgroup_general_data_59025507
form_element_irradiated_area_2_40769755,/composition|outpatient_high_complexity_procedures|openehr-ehr-composition.outpatient_high_complexity_procedures.v1|openehr-ehr-composition.outpatient_high_complexity_procedures.v1/action|procedure_undertaken|openehr-ehr-action.procedure-sus.v1|openehr-ehr-action.procedure-sus.v1/item_tree|procedure_list|at0001|openehr-ehr-action.procedure-sus.v1/element|irradiated_area_2|at0.59|openehr-ehr-action.procedure-sus.v1,irradiated area 2,form_element,ELEMENT,leaf,,at0.59,openEHR-EHR-ACTION.procedure-sus.v1,a575b369-c4a2-4bb5-84fa-619d5c641339,/composition|outpatient_high_complexity_procedures|openehr-ehr-composition.outpatient_high_complexity_procedures.v1|openehr-ehr-composition.outpatient_high_complexity_procedures.v1/action|procedure_undertaken|openehr-ehr-action.procedure-sus.v1|openehr-ehr-action.procedure-sus.v1/item_tree|procedure_list|at0001|openehr-ehr-action.procedure-sus.v1/element|irradiated_area_2|at0.59|openehr-ehr-action.procedure-sus.v1,form_subgroup_procedure_list_22175009,3,0.10526315789473684,0.8947368421052632,0.25,0.02631578947368421,0.15146006463527237,form_group_outpatient_high_complexity_procedures_53094157 > form_subgroup_procedure_undertaken_15613614 > form_subgroup_procedure_list_22175009 > form_element_irradiated_area_2_40769755
form_subgroup_single_64227771,/composition|outpatient_high_complexity_procedures|openehr-ehr-composition.outpatient_high_complexity_procedures.v1|openehr-ehr-composition.outpatient_high_complexity_procedures.v1/observation|body_mass_index|openehr-ehr-observation.body_mass_index.v1|openehr-ehr-observation.body_mass_index.v1/none|history|at0001|openehr-ehr-observation.body_mass_index.v1/point_event|any_event|at0002|openehr-ehr-observation.body_mass_index.v1/item_tree|single|at0003|openehr-ehr-observation.body_mass_index.v1,Single,form_subgroup,ITEM_TREE,substructure,,at0003,openEHR-EHR-OBSERVATION.body_mass_index.v1,edcb03a8-cc73-4485-a8a9-6559deb4597c,/composition|outpatient_high_complexity_procedures|openehr-ehr-composition.outpatient_high_complexity_procedures.v1|openehr-ehr-composition.outpatient_high_complexity_procedures.v1/observation|body_mass_index|openehr-ehr-observation.body_mass_index.v1|openehr-ehr-observation.body_mass_index.v1/none|history|at0001|openehr-ehr-observation.body_mass_index.v1/point_event|any_event|at0002|openehr-ehr-observation.body_mass_index.v1/item_tree|single|at0003|openehr-ehr-observation.body_mass_index.v1,form_subgroup_any_event_77307648,4,0.5,0.5,0.0,0.0,0.0,form_group_outpatient_high_complexity_procedures_53094157 > form_subgroup_body_mass_index_30887314 > form_subgroup_history_92829487 > form_subgroup_any_event_77307648 > form_subgroup_single_64227771
form_group_demographic_data_67540904,/composition|demographic_data|openehr-ehr-composition.demographic_data.v1|openehr-ehr-composition.demographic_data.v1,Demographic data,form_group,COMPOSITION,section,,openEHR-EHR-COMPOSITION.demographic_data.v1,openEHR-EHR-COMPOSITION.demographic_data.v1,0cea0dec-8a12-48cb-b83c-3294aa68c9a8,/composition|demographic_data|openehr-ehr-composition.demographic_data.v1|openehr-ehr-composition.demographic_data.v1,,0,0.2894736842105263,0.7105263157894737,0.0,0.0,0.0,form_group_demographic_data_67540904
form_subgroup_components_73895491,/composition|outpatient_high_complexity_procedures|openehr-ehr-composition.outpatient_high_complexity_procedures.v1|openehr-ehr-composition.outpatient_high_complexity_procedures.v1/admin_entry|patient_discharge|openehr-ehr-admin_entry.patient_discharge.v1|openehr-ehr-admin_entry.patient_discharge.v1/item_tree|components|at0001|openehr-ehr-admin_entry.patient_discharge.v1,Components,form_subgroup,ITEM_TREE,substructure,,at0001,openEHR-EHR-ADMIN_ENTRY.patient_discharge.v1,a575b369-c4a2-4bb5-84fa-619d5c641339,/composition|outpatient_high_complexity_procedures|openehr-ehr-composition.outpatient_high_complexity_procedures.v1|openehr-ehr-composition.outpatient_high_complexity_procedures.v1/admin_entry|patient_discharge|openehr-ehr-admin_entry.patient_discharge.v1|openehr-ehr-admin_entry.patient_discharge.v1/item_tree|components|at0001|openehr-ehr-admin_entry.patient_discharge.v1,form_subgroup_patient_discharge_7189821,2,0.7105263157894737,0.2894736842105263,0.0,0.0,0.0,form_group_outpatient_high_complexity_procedures_53094157 > form_subgroup_patient_discharge_7189821 > form_subgroup_components_73895491
form_element_date_of_beginning_of_chemotherapy_30182077,/composition|outpatient_high_complexity_procedures|openehr-ehr-composition.outpatient_high_complexity_procedures.v1|openehr-ehr-composition.outpatient_high_complexity_procedures.v1/admin_entry|hcpa|openehr-ehr-admin_entry.high_complexity_procedures_sus.v1|openehr-ehr-admin_entry.high_complexity_procedures_sus.v1/item_tree|components|at0001|openehr-ehr-admin_entry.high_complexity_procedures_sus.v1/cluster|chemotherapy|at0016|openehr-ehr-admin_entry.high_complexity_procedures_sus.v1/element|date_of_beginning_of_chemotherapy|at0031|openehr-ehr-admin_entry.high_complexity_procedures_sus.v1,date of beginning of chemotherapy,form_element,ELEMENT,leaf,DV_DATE,at0031,openEHR-EHR-ADMIN_ENTRY.high_complexity_procedures_sus.v1,b1fffd24-8222-4a68-8b3f-075e228b98e1,/composition|outpatient_high_complexity_procedures|openehr-ehr-composition.outpatient_high_complexity_procedures.v1|openehr-ehr-composition.outpatient_high_complexity_procedures.v1/admin_entry|hcpa|openehr-ehr-admin_entry.high_complexity_procedures_sus.v1|openehr-ehr-admin_entry.high_complexity_procedures_sus.v1/item_tree|components|at0001|openehr-ehr-admin_entry.high_complexity_procedures_sus.v1/cluster|chemotherapy|at0016|openehr-ehr-admin_entry.high_complexity_procedures_sus.v1/element|date_of_beginning_of_chemotherapy|at0031|openehr-ehr-admin_entry.high_complexity_procedures_sus.v1,form_subgroup_chemotherapy_35185963,4,0.10526315789473684,0.8947368421052632,0.25,0.02631578947368421,0.16936172668513386,form_group_outpatient_high_complexity_procedures_53094157 > form_subgroup_hcpa_39435095 > form_subgroup_components_22319484 > form_subgroup_chemotherapy_35185963 > form_element_date_of_beginning_of_chemotherapy_30182077
form_subgroup_tumour_tnm_cancer_staging_62677575,/composition|outpatient_high_complexity_procedures|openehr-ehr-composition.outpatient_high_complexity_procedures.v1|openehr-ehr-composition.outpatient_high_complexity_procedures.v1/evaluation|problem_diagnosis|openehr-ehr-evaluation.problem_diagnosis-sus.v1|openehr-ehr-evaluation.problem_diagnosis-sus.v1/item_tree|structure|at0001|openehr-ehr-evaluation.problem_diagnosis-sus.v1/cluster|tumour_-_tnm_cancer_staging|openehr-ehr-cluster.tnm_staging-sus.v1|openehr-ehr-evaluation.problem_diagnosis-sus.v1,Tumour - TNM Cancer staging,form_subgroup,CLUSTER,substructure,,openEHR-EHR-CLUSTER.tnm_staging-sus.v1,openEHR-EHR-EVALUATION.problem_diagnosis-sus.v1,a575b369-c4a2-4bb5-84fa-619d5c641339,/composition|outpatient_high_complexity_procedures|openehr-ehr-composition.outpatient_high_complexity_procedures.v1|openehr-ehr-composition.outpatient_high_complexity_procedures.v1/evaluation|problem_diagnosis|openehr-ehr-evaluation.problem_diagnosis-sus.v1|openehr-ehr-evaluation.problem_diagnosis-sus.v1/item_tree|structure|at0001|openehr-ehr-evaluation.problem_diagnosis-sus.v1/cluster|tumour_-_tnm_cancer_staging|openehr-ehr-cluster.tnm_staging-sus.v1|openehr-ehr-evaluation.problem_diagnosis-sus.v1,form_subgroup_structure_81208573,3,0.21052631578947367,0.7894736842105263,0.0,0.0,0.0,form_group_outpatient_high_complexity_procedures_53094157 > form_subgroup_problem_diagnosis_60974515 > form_subgroup_structure_81208573 > form_subgroup_tumour_tnm_cancer_staging_62677575
form_element_date_of_beginning_of_radiotherapy_31985764,/composition|outpatient_high_complexity_procedures|openehr-ehr-composition.outpatient_high_complexity_procedures.v1|openehr-ehr-composition.outpatient_high_complexity_procedures.v1/admin_entry|hcpa|openehr-ehr-admin_entry.high_complexity_procedures_sus.v1|openehr-ehr-admin_entry.high_complexity_procedures_sus.v1/item_tree|components|at0001|openehr-ehr-admin_entry.high_complexity_procedures_sus.v1/cluster|radiotherapy|at0017|openehr-ehr-admin_entry.high_complexity_procedures_sus.v1/element|date_of_beginning_of_radiotherapy|at0032|openehr-ehr-admin_entry.high_complexity_procedures_sus.v1,date of beginning of radiotherapy,form_element,ELEMENT,leaf,DV_DATE,at0032,openEHR-EHR-ADMIN_ENTRY.high_complexity_procedures_sus.v1,a575b369-c4a2-4bb5-84fa-619d5c641339,/composition|outpatient_high_complexity_procedures|openehr-ehr-composition.outpatient_high_complexity_procedures.v1|openehr-ehr-composition.outpatient_high_complexity_procedures.v1/admin_entry|hcpa|openehr-ehr-admin_entry.high_complexity_procedures_sus.v1|openehr-ehr-admin_entry.high_complexity_procedures_sus.v1/item_tree|components|at0001|openehr-ehr-admin_entry.high_complexity_procedures_sus.v1/cluster|radiotherapy|at0017|openehr-ehr-admin_entry.high_complexity_procedures_sus.v1/element|date_of_beginning_of_radiotherapy|at0032|openehr-ehr-admin_entry.high_complexity_procedures_sus.v1,form_subgroup_radiotherapy_76096955,4,0.10526315789473684,0.8947368421052632,1.0,0.10526315789473684,0.2523949676823638,form_group_outpatient_high_complexity_procedures_53094157 > form_subgroup_hcpa_39435095 > form_subgroup_components_22319484 > form_subgroup_radiotherapy_76096955 > form_element_date_of_beginning_of_radiotherapy_31985764
form_group_outpatient_high_complexity_procedures_53094157,/composition|outpatient_high_complexity_procedures|openehr-ehr-composition.outpatient_high_complexity_procedures.v1|openehr-ehr-composition.outpatient_high_complexity_procedures.v1,Outpatient high complexity procedures,form_group,COMPOSITION,section,,openEHR-EHR-COMPOSITION.outpatient_high_complexity_procedures.v1,openEHR-EHR-COMPOSITION.outpatient_high_complexity_procedures.v1,a575b369-c4a2-4bb5-84fa-619d5c641339,/composition|outpatient_high_complexity_procedures|openehr-ehr-composition.outpatient_high_complexity_procedures.v1|openehr-ehr-composition.outpatient_high_complexity_procedures.v1,,0,0.7105263157894737,0.2894736842105263,0.0,0.0,0.0,form_group_outpatient_high_complexity_procedures_53094157
form_subgroup_procedure_list_22175009,/composition|outpatient_high_complexity_procedures|openehr-ehr-composition.outpatient_high_complexity_procedures.v1|openehr-ehr-composition.outpatient_high_complexity_procedures.v1/action|procedure_undertaken|openehr-ehr-action.procedure-sus.v1|openehr-ehr-action.procedure-sus.v1/item_tree|procedure_list|at0001|openehr-ehr-action.procedure-sus.v1,Procedure list,form_subgroup,ITEM_TREE,substructure,,at0001,openEHR-EHR-ACTION.procedure-sus.v1,a575b369-c4a2-4bb5-84fa-619d5c641339,/composition|outpatient_high_complexity_procedures|openehr-ehr-composition.outpatient_high_complexity_procedures.v1|openehr-ehr-composition.outpatient_high_complexity_procedures.v1/action|procedure_undertaken|openehr-ehr-action.procedure-sus.v1|openehr-ehr-action.procedure-sus.v1/item_tree|procedure_list|at0001|openehr-ehr-action.procedure-sus.v1,form_subgroup_procedure_undertaken_15613614,2,0.7105263157894737,0.2894736842105263,0.0,0.0,0.0,form_group_outpatient_high_complexity_procedures_53094157 > form_subgroup_procedure_undertaken_15613614 > form_subgroup_procedure_list_22175009
form_subgroup_clinical_ctnm_40343686,/composition|outpatient_high_complexity_procedures|openehr-ehr-composition.outpatient_high_complexity_procedures.v1|openehr-ehr-composition.outpatient_high_complexity_procedures.v1/evaluation|problem_diagnosis|openehr-ehr-evaluation.problem_diagnosis-sus.v1|openehr-ehr-evaluation.problem_diagnosis-sus.v1/item_tree|structure|at0001|openehr-ehr-evaluation.problem_diagnosis-sus.v1/cluster|tumour_-_tnm_cancer_staging|openehr-ehr-cluster.tnm_staging-sus.v1|openehr-ehr-evaluation.problem_diagnosis-sus.v1/cluster|clinical_(ctnm)|at0002|openehr-ehr-evaluation.problem_diagnosis-sus.v1,Clinical (cTNM),form_subgroup,CLUSTER,substructure,,at0002,openEHR-EHR-EVALUATION.problem_diagnosis-sus.v1,a575b369-c4a2-4bb5-84fa-619d5c641339,/composition|outpatient_high_complexity_procedures|openehr-ehr-composition.outpatient_high_complexity_procedures.v1|openehr-ehr-composition.outpatient_high_complexity_procedures.v1/evaluation|problem_diagnosis|openehr-ehr-evaluation.problem_diagnosis-sus.v1|openehr-ehr-evaluation.problem_diagnosis-sus.v1/item_tree|structure|at0001|openehr-ehr-evaluation.problem_diagnosis-sus.v1/cluster|tumour_-_tnm_cancer_staging|openehr-ehr-cluster.tnm_staging-sus.v1|openehr-ehr-evaluation.problem_diagnosis-sus.v1/cluster|clinical_(ctnm)|at0002|openehr-ehr-evaluation.problem_diagnosis-sus.v1,form_subgroup_tumour_tnm_cancer_staging_62677575,4,0.21052631578947367,0.7894736842105263,0.0,0.0,0.0,form_group_outpatient_high_complexity_procedures_53094157 > form_subgroup_problem_diagnosis_60974515 > form_subgroup_structure_81208573 > form_subgroup_tumour_tnm_cancer_staging_62677575 > form_subgroup_clinical_ctnm_40343686
form_element_irradiated_area_3_78165852,/composition|outpatient_high_complexity_procedures|openehr-ehr-composition.outpatient_high_complexity_procedures.v1|openehr-ehr-composition.outpatient_high_complexity_procedures.v1/action|procedure_undertaken|openehr-ehr-action.procedure-sus.v1|openehr-ehr-action.procedure-sus.v1/item_tree|procedure_list|at0001|openehr-ehr-action.procedure-sus.v1/element|irradiated_area_3|at0.59|openehr-ehr-action.procedure-sus.v1,irradiated area 3,form_element,ELEMENT,leaf,,at0.59,openEHR-EHR-ACTION.procedure-sus.v1,a575b369-c4a2-4bb5-84fa-619d5c641339,/composition|outpatient_high_complexity_procedures|openehr-ehr-composition.outpatient_high_complexity_procedures.v1|openehr-ehr-composition.outpatient_high_complexity_procedures.v1/action|procedure_undertaken|openehr-ehr-action.procedure-sus.v1|openehr-ehr-action.procedure-sus.v1/item_tree|procedure_list|at0001|openehr-ehr-action.procedure-sus.v1/element|irradiated_area_3|at0.59|openehr-ehr-action.procedure-sus.v1,form_subgroup_procedure_list_22175009,3,0.10526315789473684,0.8947368421052632,0.0,0.0,0.1279576408125577,form_group_outpatient_high_complexity_procedures_53094157 > form_subgroup_procedure_undertaken_15613614 > form_subgroup_procedure_list_22175009 > form_element_irradiated_area_3_78165852
form_element_irradiated_area_1_6023370,/composition|outpatient_high_complexity_procedures|openehr-ehr-composition.outpatient_high_complexity_procedures.v1|openehr-ehr-composition.outpatient_high_complexity_procedures.v1/action|procedure_undertaken|openehr-ehr-action.procedure-sus.v1|openehr-ehr-action.procedure-sus.v1/item_tree|procedure_list|at0001|openehr-ehr-action.procedure-sus.v1/element|irradiated_area_1|at0.59|openehr-ehr-action.procedure-sus.v1,irradiated area 1,form_element,ELEMENT,leaf,DV_CODED_TEXT,at0.59,openEHR-EHR-ACTION.procedure-sus.v1,a575b369-c4a2-4bb5-84fa-619d5c641339,/composition|outpatient_high_complexity_procedures|openehr-ehr-composition.outpatient_high_complexity_procedures.v1|openehr-ehr-composition.outpatient_high_complexity_procedures.v1/action|procedure_undertaken|openehr-ehr-action.procedure-sus.v1|openehr-ehr-action.procedure-sus.v1/item_tree|procedure_list|at0001|openehr-ehr-action.procedure-sus.v1/element|irradiated_area_1|at0.59|openehr-ehr-action.procedure-sus.v1,form_subgroup_procedure_list_22175009,3,0.10526315789473684,0.8947368421052632,1.0,0.10526315789473684,0.2219673361034164,form_group_outpatient_high_complexity_procedures_53094157 > form_subgroup_procedure_undertaken_15613614 > form_subgroup_procedure_list_22175009 > form_element_irradiated_area_1_6023370
form_element_associated_causes_67033572,/composition|outpatient_high_complexity_procedures|openehr-ehr-composition.outpatient_high_complexity_procedures.v1|openehr-ehr-composition.outpatient_high_complexity_procedures.v1/evaluation|problem_diagnosis|openehr-ehr-evaluation.problem_diagnosis-sus.v1|openehr-ehr-evaluation.problem_diagnosis-sus.v1/item_tree|structure|at0001|openehr-ehr-evaluation.problem_diagnosis-sus.v1/element|associated_causes|at0.2|openehr-ehr-evaluation.problem_diagnosis-sus.v1,Associated causes,form_element,ELEMENT,leaf,DV_CODED_TEXT,at0.2,openEHR-EHR-EVALUATION.problem_diagnosis-sus.v1,a575b369-c4a2-4bb5-84fa-619d5c641339,/composition|outpatient_high_complexity_procedures|openehr-ehr-composition.outpatient_high_complexity_procedures.v1|openehr-ehr-composition.outpatient_high_complexity_procedures.v1/evaluation|problem_diagnosis|openehr-ehr-evaluation.problem_diagnosis-sus.v1|openehr-ehr-evaluation.problem_diagnosis-sus.v1/item_tree|structure|at0001|openehr-ehr-evaluation.problem_diagnosis-sus.v1/element|associated_causes|at0.2|openehr-ehr-evaluation.problem_diagnosis-sus.v1,form_subgroup_structure_81208573,3,0.7105263157894737,0.2894736842105263,0.07407407407407407,0.05263157894736842,0.376598568790397,form_group_outpatient_high_complexity_procedures_53094157 > form_subgroup_problem_diagnosis_60974515 > form_subgroup_structure_81208573 > form_element_associated_causes_67033572
form_element_topography_16102886,/composition|outpatient_high_complexity_procedures|openehr-ehr-composition.outpatient_high_complexity_procedures.v1|openehr-ehr-composition.outpatient_high_complexity_procedures.v1/evaluation|problem_diagnosis|openehr-ehr-evaluation.problem_diagnosis-sus.v1|openehr-ehr-evaluation.problem_diagnosis-sus.v1/item_tree|structure|at0001|openehr-ehr-evaluation.problem_diagnosis-sus.v1/cluster|tumour_-_tnm_cancer_staging|openehr-ehr-cluster.tnm_staging-sus.v1|openehr-ehr-evaluation.problem_diagnosis-sus.v1/element|topography|at0.43|openehr-ehr-evaluation.problem_diagnosis-sus.v1,topography,form_element,ELEMENT,leaf,DV_CODED_TEXT,at0.43,openEHR-EHR-EVALUATION.problem_diagnosis-sus.v1,a575b369-c4a2-4bb5-84fa-619d5c641339,/composition|outpatient_high_complexity_procedures|openehr-ehr-composition.outpatient_high_complexity_procedures.v1|openehr-ehr-composition.outpatient_high_complexity_procedures.v1/evaluation|problem_diagnosis|openehr-ehr-evaluation.problem_diagnosis-sus.v1|openehr-ehr-evaluation.problem_diagnosis-sus.v1/item_tree|structure|at0001|openehr-ehr-evaluation.problem_diagnosis-sus.v1/cluster|tumour_-_tnm_cancer_staging|openehr-ehr-cluster.tnm_staging-sus.v1|openehr-ehr-evaluation.problem_diagnosis-sus.v1/element|topography|at0.43|openehr-ehr-evaluation.problem_diagnosis-sus.v1,form_subgroup_tumour_tnm_cancer_staging_62677575,4,0.21052631578947367,0.7894736842105263,0.625,0.13157894736842105,0.2866920590951062,form_group_outpatient_high_complexity_procedures_53094157 > form_subgroup_problem_diagnosis_60974515 > form_subgroup_structure_81208573 > form_subgroup_tumour_tnm_cancer_staging_62677575 > form_element_topography_16102886
form_element_procedure_54886736,/composition|outpatient_high_complexity_procedures|openehr-ehr-composition.outpatient_high_complexity_procedures.v1|openehr-ehr-composition.outpatient_high_complexity_procedures.v1/action|procedure_undertaken|openehr-ehr-action.procedure-sus.v1|openehr-ehr-action.procedure-sus.v1/item_tree|procedure_list|at0001|openehr-ehr-action.procedure-sus.v1/element|procedure|at0002|openehr-ehr-action.procedure-sus.v1,Procedure,form_element,ELEMENT,leaf,DV_CODED_TEXT,at0002,openEHR-EHR-ACTION.procedure-sus.v1,a575b369-c4a2-4bb5-84fa-619d5c641339,/composition|outpatient_high_complexity_procedures|openehr-ehr-composition.outpatient_high_complexity_procedures.v1|openehr-ehr-composition.outpatient_high_complexity_procedures.v1/action|procedure_undertaken|openehr-ehr-action.procedure-sus.v1|openehr-ehr-action.procedure-sus.v1/item_tree|procedure_list|at0001|openehr-ehr-action.procedure-sus.v1/element|procedure|at0002|openehr-ehr-action.procedure-sus.v1,form_subgroup_procedure_list_22175009,3,0.7105263157894737,0.2894736842105263,0.18518518518518517,0.13157894736842105,0.4290714450600184,form_group_outpatient_high_complexity_procedures_53094157 > form_subgroup_procedure_undertaken_15613614 > form_subgroup_procedure_list_22175009 > form_element_procedure_54886736
form_element_issue_date_27216836,/composition|outpatient_high_complexity_procedures|openehr-ehr-composition.outpatient_high_complexity_procedures.v1|openehr-ehr-composition.outpatient_high_complexity_procedures.v1/admin_entry|hcpa|openehr-ehr-admin_entry.high_complexity_procedures_sus.v1|openehr-ehr-admin_entry.high_complexity_procedures_sus.v1/item_tree|components|at0001|openehr-ehr-admin_entry.high_complexity_procedures_sus.v1/cluster|general_data|at0023|openehr-ehr-admin_entry.high_complexity_procedures_sus.v1/element|issue_date|at0009|openehr-ehr-admin_entry.high_complexity_procedures_sus.v1,issue date,form_element,ELEMENT,leaf,DV_DATE,at0009,openEHR-EHR-ADMIN_ENTRY.high_complexity_procedures_sus.v1,a575b369-c4a2-4bb5-84fa-619d5c641339,/composition|outpatient_high_complexity_procedures|openehr-ehr-composition.outpatient_high_complexity_procedures.v1|openehr-ehr-composition.outpatient_high_complexity_procedures.v1/admin_entry|hcpa|openehr-ehr-admin_entry.high_complexity_procedures_sus.v1|openehr-ehr-admin_entry.high_complexity_procedures_sus.v1/item_tree|components|at0001|openehr-ehr-admin_entry.high_complexity_procedures_sus.v1/cluster|general_data|at0023|openehr-ehr-admin_entry.high_complexity_procedures_sus.v1/element|issue_date|at0009|openehr-ehr-admin_entry.high_complexity_procedures_sus.v1,form_subgroup_general_data_59025507,4,0.7105263157894737,0.2894736842105263,0.4444444444444444,0.3157894736842105,0.6352435364727609,form_group_outpatient_high_complexity_procedures_53094157 > form_subgroup_hcpa_39435095 > form_subgroup_components_22319484 > form_subgroup_general_data_59025507 > form_element_issue_date_27216836
form_element_date_of_pathological_identification_50786213,/composition|outpatient_high_complexity_procedures|openehr-ehr-composition.outpatient_high_complexity_procedures.v1|openehr-ehr-composition.outpatient_high_complexity_procedures.v1/evaluation|problem_diagnosis|openehr-ehr-evaluation.problem_diagnosis-sus.v1|openehr-ehr-evaluation.problem_diagnosis-sus.v1/item_tree|structure|at0001|openehr-ehr-evaluation.problem_diagnosis-sus.v1/cluster|tumour_-_tnm_cancer_staging|openehr-ehr-cluster.tnm_staging-sus.v1|openehr-ehr-evaluation.problem_diagnosis-sus.v1/cluster|pathological_(ptnm)|at0006|openehr-ehr-evaluation.problem_diagnosis-sus.v1/element|date_of_pathological_identification|at0.44|openehr-ehr-evaluation.problem_diagnosis-sus.v1,date of pathological identification,form_element,ELEMENT,leaf,DV_DATE,at0.44,openEHR-EHR-EVALUATION.problem_diagnosis-sus.v1,a575b369-c4a2-4bb5-84fa-619d5c641339,/composition|outpatient_high_complexity_procedures|openehr-ehr-composition.outpatient_high_complexity_procedures.v1|openehr-ehr-composition.outpatient_high_complexity_procedures.v1/evaluation|problem_diagnosis|openehr-ehr-evaluation.problem_diagnosis-sus.v1|openehr-ehr-evaluation.problem_diagnosis-sus.v1/item_tree|structure|at0001|openehr-ehr-evaluation.problem_diagnosis-sus.v1/cluster|tumour_-_tnm_cancer_staging|openehr-ehr-cluster.tnm_staging-sus.v1|openehr-ehr-evaluation.problem_diagnosis-sus.v1/cluster|pathological_(ptnm)|at0006|openehr-ehr-evaluation.problem_diagnosis-sus.v1/element|date_of_pathological_identification|at0.44|openehr-ehr-evaluation.problem_diagnosis-sus.v1,form_subgroup_pathological_ptnm_21609446,5,0.21052631578947367,0.7894736842105263,0.625,0.13157894736842105,0.2760560941828255,form_group_outpatient_high_complexity_procedures_53094157 > form_subgroup_problem_diagnosis_60974515 > form_subgroup_structure_81208573 > form_subgroup_tumour_tnm_cancer_staging_62677575 > form_subgroup_pathological_ptnm_21609446 > form_element_date_of_pathological_identification_50786213
form_subgroup_chemotherapy_35185963,/composition|outpatient_high_complexity_procedures|openehr-ehr-composition.outpatient_high_complexity_procedures.v1|openehr-ehr-composition.outpatient_high_complexity_procedures.v1/admin_entry|hcpa|openehr-ehr-admin_entry.high_complexity_procedures_sus.v1|openehr-ehr-admin_entry.high_complexity_procedures_sus.v1/item_tree|components|at0001|openehr-ehr-admin_entry.high_complexity_procedures_sus.v1/cluster|chemotherapy|at0016|openehr-ehr-admin_entry.high_complexity_procedures_sus.v1,chemotherapy,form_subgroup,CLUSTER,substructure,,at0016,openEHR-EHR-ADMIN_ENTRY.high_complexity_procedures_sus.v1,b1fffd24-8222-4a68-8b3f-075e228b98e1,/composition|outpatient_high_complexity_procedures|openehr-ehr-composition.outpatient_high_complexity_procedures.v1|openehr-ehr-composition.outpatient_high_complexity_procedures.v1/admin_entry|hcpa|openehr-ehr-admin_entry.high_complexity_procedures_sus.v1|openehr-ehr-admin_entry.high_complexity_procedures_sus.v1/item_tree|components|at0001|openehr-ehr-admin_entry.high_complexity_procedures_sus.v1/cluster|chemotherapy|at0016|openehr-ehr-admin_entry.high_complexity_procedures_sus.v1,form_subgroup_components_22319484,3,0.10526315789473684,0.8947368421052632,0.0,0.0,0.0,form_group_outpatient_high_complexity_procedures_53094157 > form_subgroup_hcpa_39435095 > form_subgroup_components_22319484 > form_subgroup_chemotherapy_35185963
form_subgroup_history_92829487,/composition|outpatient_high_complexity_procedures|openehr-ehr-composition.outpatient_high_complexity_procedures.v1|openehr-ehr-composition.outpatient_high_complexity_procedures.v1/observation|body_mass_index|openehr-ehr-observation.body_mass_index.v1|openehr-ehr-observation.body_mass_index.v1/none|history|at0001|openehr-ehr-observation.body_mass_index.v1,history,form_subgroup,UNKNOWN,substructure,,at0001,openEHR-EHR-OBSERVATION.body_mass_index.v1,edcb03a8-cc73-4485-a8a9-6559deb4597c,/composition|outpatient_high_complexity_procedures|openehr-ehr-composition.outpatient_high_complexity_procedures.v1|openehr-ehr-composition.outpatient_high_complexity_procedures.v1/observation|body_mass_index|openehr-ehr-observation.body_mass_index.v1|openehr-ehr-observation.body_mass_index.v1/none|history|at0001|openehr-ehr-observation.body_mass_index.v1,form_subgroup_body_mass_index_30887314,2,0.5,0.5,0.0,0.0,0.0,form_group_outpatient_high_complexity_procedures_53094157 > form_subgroup_body_mass_index_30887314 > form_subgroup_history_92829487
form_element_histopathological_grading_g_17426977,/composition|outpatient_high_complexity_procedures|openehr-ehr-composition.outpatient_high_complexity_procedures.v1|openehr-ehr-composition.outpatient_high_complexity_procedures.v1/evaluation|problem_diagnosis|openehr-ehr-evaluation.problem_diagnosis-sus.v1|openehr-ehr-evaluation.problem_diagnosis-sus.v1/item_tree|structure|at0001|openehr-ehr-evaluation.problem_diagnosis-sus.v1/cluster|tumour_-_tnm_cancer_staging|openehr-ehr-cluster.tnm_staging-sus.v1|openehr-ehr-evaluation.problem_diagnosis-sus.v1/cluster|pathological_(ptnm)|at0006|openehr-ehr-evaluation.problem_diagnosis-sus.v1/element|histopathological_grading_(g)|at0035|openehr-ehr-evaluation.problem_diagnosis-sus.v1,Histopathological grading (G),form_element,ELEMENT,leaf,,at0035,openEHR-EHR-EVALUATION.problem_diagnosis-sus.v1,a575b369-c4a2-4bb5-84fa-619d5c641339,/composition|outpatient_high_complexity_procedures|openehr-ehr-composition.outpatient_high_complexity_procedures.v1|openehr-ehr-composition.outpatient_high_complexity_procedures.v1/evaluation|problem_diagnosis|openehr-ehr-evaluation.problem_diagnosis-sus.v1|openehr-ehr-evaluation.problem_diagnosis-sus.v1/item_tree|structure|at0001|openehr-ehr-evaluation.problem_diagnosis-sus.v1/cluster|tumour_-_tnm_cancer_staging|openehr-ehr-cluster.tnm_staging-sus.v1|openehr-ehr-evaluation.problem_diagnosis-sus.v1/cluster|pathological_(ptnm)|at0006|openehr-ehr-evaluation.problem_diagnosis-sus.v1/element|histopathological_grading_(g)|at0035|openehr-ehr-evaluation.problem_diagnosis-sus.v1,form_subgroup_pathological_ptnm_21609446,5,0.21052631578947367,0.7894736842105263,0.25,0.05263157894736842,0.20740997229916897,form_group_outpatient_high_complexity_procedures_53094157 > form_subgroup_problem_diagnosis_60974515 > form_subgroup_structure_81208573 > form_subgroup_tumour_tnm_cancer_staging_62677575 > form_subgroup_pathological_ptnm_21609446 > form_element_histopathological_grading_g_17426977
form_element_baros_score_14025768,/composition|outpatient_high_complexity_procedures|openehr-ehr-composition.outpatient_high_complexity_procedures.v1|openehr-ehr-composition.outpatient_high_complexity_procedures.v1/evaluation|bariatric_surgery_evaluation|openehr-ehr-evaluation.bariatric_surgery_evaluation.v1|openehr-ehr-evaluation.bariatric_surgery_evaluation.v1/item_tree|components|at0001|openehr-ehr-evaluation.bariatric_surgery_evaluation.v1/element|baros_score|at0003|openehr-ehr-evaluation.bariatric_surgery_evaluation.v1,Baros score,form_element,ELEMENT,leaf,DV_TEXT,at0003,openEHR-EHR-EVALUATION.bariatric_surgery_evaluation.v1,edcb03a8-cc73-4485-a8a9-6559deb4597c,/composition|outpatient_high_complexity_procedures|openehr-ehr-composition.outpatient_high_complexity_procedures.v1|openehr-ehr-composition.outpatient_high_complexity_procedures.v1/evaluation|bariatric_surgery_evaluation|openehr-ehr-evaluation.bariatric_surgery_evaluation.v1|openehr-ehr-evaluation.bariatric_surgery_evaluation.v1/item_tree|components|at0001|openehr-ehr-evaluation.bariatric_surgery_evaluation.v1/element|baros_score|at0003|openehr-ehr-evaluation.bariatric_surgery_evaluation.v1,form_subgroup_components_16444346,3,0.5,0.5,0.10526315789473684,0.05263157894736842,0.27231359649122805,form_group_outpatient_high_complexity_procedures_53094157 > form_subgroup_bariatric_surgery_evaluation_67482559 > form_subgroup_components_16444346 > form_element_baros_score_14025768
form_element_baros_table_49719826,/composition|outpatient_high_complexity_procedures|openehr-ehr-composition.outpatient_high_complexity_procedures.v1|openehr-ehr-composition.outpatient_high_complexity_procedures.v1/evaluation|bariatric_surgery_evaluation|openehr-ehr-evaluation.bariatric_surgery_evaluation.v1|openehr-ehr-evaluation.bariatric_surgery_evaluation.v1/item_tree|components|at0001|openehr-ehr-evaluation.bariatric_surgery_evaluation.v1/element|baros_table|at0004|openehr-ehr-evaluation.bariatric_surgery_evaluation.v1,Baros table,form_element,ELEMENT,leaf,DV_TEXT,at0004,openEHR-EHR-EVALUATION.bariatric_surgery_evaluation.v1,edcb03a8-cc73-4485-a8a9-6559deb4597c,/composition|outpatient_high_complexity_procedures|openehr-ehr-composition.outpatient_high_complexity_procedures.v1|openehr-ehr-composition.outpatient_high_complexity_procedures.v1/evaluation|bariatric_surgery_evaluation|openehr-ehr-evaluation.bariatric_surgery_evaluation.v1|openehr-ehr-evaluation.bariatric_surgery_evaluation.v1/item_tree|components|at0001|openehr-ehr-evaluation.bariatric_surgery_evaluation.v1/element|baros_table|at0004|openehr-ehr-evaluation.bariatric_surgery_evaluation.v1,form_subgroup_components_16444346,3,0.5,0.5,0.15789473684210525,0.07894736842105263,0.2945175438596491,form_group_outpatient_high_complexity_procedures_53094157 > form_subgroup_bariatric_surgery_evaluation_67482559 > form_subgroup_components_16444346 > form_element_baros_table_49719826
form_subgroup_body_mass_index_30887314,/composition|outpatient_high_complexity_procedures|openehr-ehr-composition.outpatient_high_complexity_procedures.v1|openehr-ehr-composition.outpatient_high_complexity_procedures.v1/observation|body_mass_index|openehr-ehr-observation.body_mass_index.v1|openehr-ehr-observation.body_mass_index.v1,Body mass index,form_subgroup,OBSERVATION,substructure,,openEHR-EHR-OBSERVATION.body_mass_index.v1,openEHR-EHR-OBSERVATION.body_mass_index.v1,edcb03a8-cc73-4485-a8a9-6559deb4597c,/composition|outpatient_high_complexity_procedures|openehr-ehr-composition.outpatient_high_complexity_procedures.v1|openehr-ehr-composition.outpatient_high_complexity_procedures.v1/observation|body_mass_index|openehr-ehr-observation.body_mass_index.v1|openehr-ehr-observation.body_mass_index.v1,form_group_outpatient_high_complexity_procedures_53094157,1,0.5,0.5,0.0,0.0,0.0,form_group_outpatient_high_complexity_procedures_53094157 > form_subgroup_body_mass_index_30887314
form_element_reason_for_encounter_19053364,/composition|outpatient_high_complexity_procedures|openehr-ehr-composition.outpatient_high_complexity_procedures.v1|openehr-ehr-composition.outpatient_high_complexity_procedures.v1/admin_entry|hcpa|openehr-ehr-admin_entry.high_complexity_procedures_sus.v1|openehr-ehr-admin_entry.high_complexity_procedures_sus.v1/item_tree|components|at0001|openehr-ehr-admin_entry.high_complexity_procedures_sus.v1/cluster|general_data|at0023|openehr-ehr-admin_entry.high_complexity_procedures_sus.v1/element|reason_for_encounter|at0010|openehr-ehr-admin_entry.high_complexity_procedures_sus.v1,reason for encounter,form_element,ELEMENT,leaf,DV_CODED_TEXT,at0010,openEHR-EHR-ADMIN_ENTRY.high_complexity_procedures_sus.v1,a575b369-c4a2-4bb5-84fa-619d5c641339,/composition|outpatient_high_complexity_procedures|openehr-ehr-composition.outpatient_high_complexity_procedures.v1|openehr-ehr-composition.outpatient_high_complexity_procedures.v1/admin_entry|hcpa|openehr-ehr-admin_entry.high_complexity_procedures_sus.v1|openehr-ehr-admin_entry.high_complexity_procedures_sus.v1/item_tree|components|at0001|openehr-ehr-admin_entry.high_complexity_procedures_sus.v1/cluster|general_data|at0023|openehr-ehr-admin_entry.high_complexity_procedures_sus.v1/element|reason_for_encounter|at0010|openehr-ehr-admin_entry.high_complexity_procedures_sus.v1,form_subgroup_general_data_59025507,4,0.7105263157894737,0.2894736842105263,0.07407407407407407,0.05263157894736842,0.4217740073868882,form_group_outpatient_high_complexity_procedures_53094157 > form_subgroup_hcpa_39435095 > form_subgroup_components_22319484 > form_subgroup_general_data_59025507 > form_element_reason_for_encounter_19053364
form_subgroup_components_8986729,/composition|demographic_data|openehr-ehr-composition.demographic_data.v1|openehr-ehr-composition.demographic_data.v1/admin_entry|demographic_data|openehr-ehr-admin_entry.demographic_data.v1|openehr-ehr-admin_entry.demographic_data.v1/item_tree|components|at0001|openehr-ehr-admin_entry.demographic_data.v1,components,form_subgroup,ITEM_TREE,substructure,,at0001,openEHR-EHR-ADMIN_ENTRY.demographic_data.v1,0cea0dec-8a12-48cb-b83c-3294aa68c9a8,/composition|demographic_data|openehr-ehr-composition.demographic_data.v1|openehr-ehr-composition.demographic_data.v1/admin_entry|demographic_data|openehr-ehr-admin_entry.demographic_data.v1|openehr-ehr-admin_entry.demographic_data.v1/item_tree|components|at0001|openehr-ehr-admin_entry.demographic_data.v1,form_subgroup_demographic_data_62669240,2,0.2894736842105263,0.7105263157894737,0.0,0.0,0.0,form_group_demographic_data_67540904 > form_subgroup_demographic_data_62669240 > form_subgroup_components_8986729
form_subgroup_components_16444346,/composition|outpatient_high_complexity_procedures|openehr-ehr-composition.outpatient_high_complexity_procedures.v1|openehr-ehr-composition.outpatient_high_complexity_procedures.v1/evaluation|bariatric_surgery_evaluation|openehr-ehr-evaluation.bariatric_surgery_evaluation.v1|openehr-ehr-evaluation.bariatric_surgery_evaluation.v1/item_tree|components|at0001|openehr-ehr-evaluation.bariatric_surgery_evaluation.v1,Components,form_subgroup,ITEM_TREE,substructure,,at0001,openEHR-EHR-EVALUATION.bariatric_surgery_evaluation.v1,edcb03a8-cc73-4485-a8a9-6559deb4597c,/composition|outpatient_high_complexity_procedures|openehr-ehr-composition.outpatient_high_complexity_procedures.v1|openehr-ehr-composition.outpatient_high_complexity_procedures.v1/evaluation|bariatric_surgery_evaluation|openehr-ehr-evaluation.bariatric_surgery_evaluation.v1|openehr-ehr-evaluation.bariatric_surgery_evaluation.v1/item_tree|components|at0001|openehr-ehr-evaluation.bariatric_surgery_evaluation.v1,form_subgroup_bariatric_surgery_evaluation_67482559,2,0.5,0.5,0.0,0.0,0.0,form_group_outpatient_high_complexity_procedures_53094157 > form_subgroup_bariatric_surgery_evaluation_67482559 > form_subgroup_components_16444346
form_element_clinical_staging_82553704,/composition|outpatient_high_complexity_procedures|openehr-ehr-composition.outpatient_high_complexity_procedures.v1|openehr-ehr-composition.outpatient_high_complexity_procedures.v1/evaluation|problem_diagnosis|openehr-ehr-evaluation.problem_diagnosis-sus.v1|openehr-ehr-evaluation.problem_diagnosis-sus.v1/item_tree|structure|at0001|openehr-ehr-evaluation.problem_diagnosis-sus.v1/cluster|tumour_-_tnm_cancer_staging|openehr-ehr-cluster.tnm_staging-sus.v1|openehr-ehr-evaluation.problem_diagnosis-sus.v1/cluster|clinical_(ctnm)|at0002|openehr-ehr-evaluation.problem_diagnosis-sus.v1/element|clinical_staging|at0010|openehr-ehr-evaluation.problem_diagnosis-sus.v1,Clinical staging,form_element,ELEMENT,leaf,DV_TEXT,at0010,openEHR-EHR-EVALUATION.problem_diagnosis-sus.v1,a575b369-c4a2-4bb5-84fa-619d5c641339,/composition|outpatient_high_complexity_procedures|openehr-ehr-composition.outpatient_high_complexity_procedures.v1|openehr-ehr-composition.outpatient_high_complexity_procedures.v1/evaluation|problem_diagnosis|openehr-ehr-evaluation.problem_diagnosis-sus.v1|openehr-ehr-evaluation.problem_diagnosis-sus.v1/item_tree|structure|at0001|openehr-ehr-evaluation.problem_diagnosis-sus.v1/cluster|tumour_-_tnm_cancer_staging|openehr-ehr-cluster.tnm_staging-sus.v1|openehr-ehr-evaluation.problem_diagnosis-sus.v1/cluster|clinical_(ctnm)|at0002|openehr-ehr-evaluation.problem_diagnosis-sus.v1/element|clinical_staging|at0010|openehr-ehr-evaluation.problem_diagnosis-sus.v1,form_subgroup_clinical_ctnm_40343686,5,0.21052631578947367,0.7894736842105263,0.5,0.10526315789473684,0.25152931671283474,form_group_outpatient_high_complexity_procedures_53094157 > form_subgroup_problem_diagnosis_60974515 > form_subgroup_structure_81208573 > form_subgroup_tumour_tnm_cancer_staging_62677575 > form_subgroup_clinical_ctnm_40343686 > form_element_clinical_staging_82553704
form_subgroup_hcpa_39435095,/composition|outpatient_high_complexity_procedures|openehr-ehr-composition.outpatient_high_complexity_procedures.v1|openehr-ehr-composition.outpatient_high_complexity_procedures.v1/admin_entry|hcpa|openehr-ehr-admin_entry.high_complexity_procedures_sus.v1|openehr-ehr-admin_entry.high_complexity_procedures_sus.v1,HCPA,form_subgroup,ADMIN_ENTRY,substructure,,openEHR-EHR-ADMIN_ENTRY.high_complexity_procedures_sus.v1,openEHR-EHR-ADMIN_ENTRY.high_complexity_procedures_sus.v1,a575b369-c4a2-4bb5-84fa-619d5c641339,/composition|outpatient_high_complexity_procedures|openehr-ehr-composition.outpatient_high_complexity_procedures.v1|openehr-ehr-composition.outpatient_high_complexity_procedures.v1/admin_entry|hcpa|openehr-ehr-admin_entry.high_complexity_procedures_sus.v1|openehr-ehr-admin_entry.high_complexity_procedures_sus.v1,form_group_outpatient_high_complexity_procedures_53094157,1,0.7105263157894737,0.2894736842105263,0.0,0.0,0.0,form_group_outpatient_high_complexity_procedures_53094157 > form_subgroup_hcpa_39435095
form_subgroup_problem_diagnosis_60974515,/composition|outpatient_high_complexity_procedures|openehr-ehr-composition.outpatient_high_complexity_procedures.v1|openehr-ehr-composition.outpatient_high_complexity_procedures.v1/evaluation|problem_diagnosis|openehr-ehr-evaluation.problem_diagnosis-sus.v1|openehr-ehr-evaluation.problem_diagnosis-sus.v1,Problem/Diagnosis,form_subgroup,EVALUATION,substructure,,openEHR-EHR-EVALUATION.problem_diagnosis-sus.v1,openEHR-EHR-EVALUATION.problem_diagnosis-sus.v1,a575b369-c4a2-4bb5-84fa-619d5c641339,/composition|outpatient_high_complexity_procedures|openehr-ehr-composition.outpatient_high_complexity_procedures.v1|openehr-ehr-composition.outpatient_high_complexity_procedures.v1/evaluation|problem_diagnosis|openehr-ehr-evaluation.problem_diagnosis-sus.v1|openehr-ehr-evaluation.problem_diagnosis-sus.v1,form_group_outpatient_high_complexity_procedures_53094157,1,0.7105263157894737,0.2894736842105263,0.0,0.0,0.0,form_group_outpatient_high_complexity_procedures_53094157 > form_subgroup_problem_diagnosis_60974515
form_element_date_of_discharge_69068380,/composition|outpatient_high_complexity_procedures|openehr-ehr-composition.outpatient_high_complexity_procedures.v1|openehr-ehr-composition.outpatient_high_complexity_procedures.v1/admin_entry|patient_discharge|openehr-ehr-admin_entry.patient_discharge.v1|openehr-ehr-admin_entry.patient_discharge.v1/item_tree|components|at0001|openehr-ehr-admin_entry.patient_discharge.v1/element|date_of_discharge|at0002|openehr-ehr-admin_entry.patient_discharge.v1,date of discharge,form_element,ELEMENT,leaf,,at0002,openEHR-EHR-ADMIN_ENTRY.patient_discharge.v1,a575b369-c4a2-4bb5-84fa-619d5c641339,/composition|outpatient_high_complexity_procedures|openehr-ehr-composition.outpatient_high_complexity_procedures.v1|openehr-ehr-composition.outpatient_high_complexity_procedures.v1/admin_entry|patient_discharge|openehr-ehr-admin_entry.patient_discharge.v1|openehr-ehr-admin_entry.patient_discharge.v1/item_tree|components|at0001|openehr-ehr-admin_entry.patient_discharge.v1/element|date_of_discharge|at0002|openehr-ehr-admin_entry.patient_discharge.v1,form_subgroup_components_73895491,3,0.7105263157894737,0.2894736842105263,0.2962962962962963,0.21052631578947367,0.4870267774699907,form_group_outpatient_high_complexity_procedures_53094157 > form_subgroup_patient_discharge_7189821 > form_subgroup_components_73895491 > form_element_date_of_discharge_69068380
form_element_secondary_diagnosis_82544619,/composition|outpatient_high_complexity_procedures|openehr-ehr-composition.outpatient_high_complexity_procedures.v1|openehr-ehr-composition.outpatient_high_complexity_procedures.v1/evaluation|problem_diagnosis|openehr-ehr-evaluation.problem_diagnosis-sus.v1|openehr-ehr-evaluation.problem_diagnosis-sus.v1/item_tree|structure|at0001|openehr-ehr-evaluation.problem_diagnosis-sus.v1/element|secondary_diagnosis|at0.1|openehr-ehr-evaluation.problem_diagnosis-sus.v1,Secondary Diagnosis,form_element,ELEMENT,leaf,DV_CODED_TEXT,at0.1,openEHR-EHR-EVALUATION.problem_diagnosis-sus.v1,a575b369-c4a2-4bb5-84fa-619d5c641339,/composition|outpatient_high_complexity_procedures|openehr-ehr-composition.outpatient_high_complexity_procedures.v1|openehr-ehr-composition.outpatient_high_complexity_procedures.v1/evaluation|problem_diagnosis|openehr-ehr-evaluation.problem_diagnosis-sus.v1|openehr-ehr-evaluation.problem_diagnosis-sus.v1/item_tree|structure|at0001|openehr-ehr-evaluation.problem_diagnosis-sus.v1/element|secondary_diagnosis|at0.1|openehr-ehr-evaluation.problem_diagnosis-sus.v1,form_subgroup_structure_81208573,3,0.7105263157894737,0.2894736842105263,0.07407407407407407,0.05263157894736842,0.376598568790397,form_group_outpatient_high_complexity_procedures_53094157 > form_subgroup_problem_diagnosis_60974515 > form_subgroup_structure_81208573 > form_element_secondary_diagnosis_82544619
form_subgroup_components_22319484,/composition|outpatient_high_complexity_procedures|openehr-ehr-composition.outpatient_high_complexity_procedures.v1|openehr-ehr-composition.outpatient_high_complexity_procedures.v1/admin_entry|hcpa|openehr-ehr-admin_entry.high_complexity_procedures_sus.v1|openehr-ehr-admin_entry.high_complexity_procedures_sus.v1/item_tree|components|at0001|openehr-ehr-admin_entry.high_complexity_procedures_sus.v1,components,form_subgroup,ITEM_TREE,substructure,,at0001,openEHR-EHR-ADMIN_ENTRY.high_complexity_procedures_sus.v1,a575b369-c4a2-4bb5-84fa-619d5c641339,/composition|outpatient_high_complexity_procedures|openehr-ehr-composition.outpatient_high_complexity_procedures.v1|openehr-ehr-composition.outpatient_high_complexity_procedures.v1/admin_entry|hcpa|openehr-ehr-admin_entry.high_complexity_procedures_sus.v1|openehr-ehr-admin_entry.high_complexity_procedures_sus.v1/item_tree|components|at0001|openehr-ehr-admin_entry.high_complexity_procedures_sus.v1,form_subgroup_hcpa_39435095,2,0.7105263157894737,0.2894736842105263,0.0,0.0,0.0,form_group_outpatient_high_complexity_procedures_53094157 > form_subgroup_hcpa_39435095 > form_subgroup_components_22319484
form_subgroup_structure_81208573,/composition|outpatient_high_complexity_procedures|openehr-ehr-composition.outpatient_high_complexity_procedures.v1|openehr-ehr-composition.outpatient_high_complexity_procedures.v1/evaluation|problem_diagnosis|openehr-ehr-evaluation.problem_diagnosis-sus.v1|openehr-ehr-evaluation.problem_diagnosis-sus.v1/item_tree|structure|at0001|openehr-ehr-evaluation.problem_diagnosis-sus.v1,structure,form_subgroup,ITEM_TREE,substructure,,at0001,openEHR-EHR-EVALUATION.problem_diagnosis-sus.v1,a575b369-c4a2-4bb5-84fa-619d5c641339,/composition|outpatient_high_complexity_procedures|openehr-ehr-composition.outpatient_high_complexity_procedures.v1|openehr-ehr-composition.outpatient_high_complexity_procedures.v1/evaluation|problem_diagnosis|openehr-ehr-evaluation.problem_diagnosis-sus.v1|openehr-ehr-evaluation.problem_diagnosis-sus.v1/item_tree|structure|at0001|openehr-ehr-evaluation.problem_diagnosis-sus.v1,form_subgroup_problem_diagnosis_60974515,2,0.7105263157894737,0.2894736842105263,0.0,0.0,0.0,form_group_outpatient_high_complexity_procedures_53094157 > form_subgroup_problem_diagnosis_60974515 > form_subgroup_structure_81208573
form_element_body_mass_index_56901779,/composition|outpatient_high_complexity_procedures|openehr-ehr-composition.outpatient_high_complexity_procedures.v1|openehr-ehr-composition.outpatient_high_complexity_procedures.v1/observation|body_mass_index|openehr-ehr-observation.body_mass_index.v1|openehr-ehr-observation.body_mass_index.v1/none|history|at0001|openehr-ehr-observation.body_mass_index.v1/point_event|any_event|at0002|openehr-ehr-observation.body_mass_index.v1/item_tree|single|at0003|openehr-ehr-observation.body_mass_index.v1/element|body_mass_index|at0004|openehr-ehr-observation.body_mass_index.v1,Body Mass Index,form_element,ELEMENT,leaf,DV_QUANTITY,at0004,openEHR-EHR-OBSERVATION.body_mass_index.v1,edcb03a8-cc73-4485-a8a9-6559deb4597c,/composition|outpatient_high_complexity_procedures|openehr-ehr-composition.outpatient_high_complexity_procedures.v1|openehr-ehr-composition.outpatient_high_complexity_procedures.v1/observation|body_mass_index|openehr-ehr-observation.body_mass_index.v1|openehr-ehr-observation.body_mass_index.v1/none|history|at0001|openehr-ehr-observation.body_mass_index.v1/point_event|any_event|at0002|openehr-ehr-observation.body_mass_index.v1/item_tree|single|at0003|openehr-ehr-observation.body_mass_index.v1/element|body_mass_index|at0004|openehr-ehr-observation.body_mass_index.v1,form_subgroup_single_64227771,5,0.5,0.5,0.5789473684210527,0.2894736842105263,0.46052631578947373,form_group_outpatient_high_complexity_procedures_53094157 > form_subgroup_body_mass_index_30887314 > form_subgroup_history_92829487 > form_subgroup_any_event_77307648 > form_subgroup_single_64227771 > form_element_body_mass_index_56901779
form_element_problem_83382513,/composition|outpatient_high_complexity_procedures|openehr-ehr-composition.outpatient_high_complexity_procedures.v1|openehr-ehr-composition.outpatient_high_complexity_procedures.v1/evaluation|problem_diagnosis|openehr-ehr-evaluation.problem_diagnosis-sus.v1|openehr-ehr-evaluation.problem_diagnosis-sus.v1/item_tree|structure|at0001|openehr-ehr-evaluation.problem_diagnosis-sus.v1/element|problem|at0002.1|openehr-ehr-evaluation.problem_diagnosis-sus.v1,Problem,form_element,ELEMENT,leaf,DV_CODED_TEXT,at0002.1,openEHR-EHR-EVALUATION.problem_diagnosis-sus.v1,a575b369-c4a2-4bb5-84fa-619d5c641339,/composition|outpatient_high_complexity_procedures|openehr-ehr-composition.outpatient_high_complexity_procedures.v1|openehr-ehr-composition.outpatient_high_complexity_procedures.v1/evaluation|problem_diagnosis|openehr-ehr-evaluation.problem_diagnosis-sus.v1|openehr-ehr-evaluation.problem_diagnosis-sus.v1/item_tree|structure|at0001|openehr-ehr-evaluation.problem_diagnosis-sus.v1/element|problem|at0002.1|openehr-ehr-evaluation.problem_diagnosis-sus.v1,form_subgroup_structure_81208573,3,0.7105263157894737,0.2894736842105263,0.2222222222222222,0.15789473684210525,0.4626442751615881,form_group_outpatient_high_complexity_procedures_53094157 > form_subgroup_problem_diagnosis_60974515 > form_subgroup_structure_81208573 > form_element_problem_83382513
form_subgroup_patient_discharge_7189821,/composition|outpatient_high_complexity_procedures|openehr-ehr-composition.outpatient_high_complexity_procedures.v1|openehr-ehr-composition.outpatient_high_complexity_procedures.v1/admin_entry|patient_discharge|openehr-ehr-admin_entry.patient_discharge.v1|openehr-ehr-admin_entry.patient_discharge.v1,Patient discharge,form_subgroup,ADMIN_ENTRY,substructure,,openEHR-EHR-ADMIN_ENTRY.patient_discharge.v1,openEHR-EHR-ADMIN_ENTRY.patient_discharge.v1,a575b369-c4a2-4bb5-84fa-619d5c641339,/composition|outpatient_high_complexity_procedures|openehr-ehr-composition.outpatient_high_complexity_procedures.v1|openehr-ehr-composition.outpatient_high_complexity_procedures.v1/admin_entry|patient_discharge|openehr-ehr-admin_entry.patient_discharge.v1|openehr-ehr-admin_entry.patient_discharge.v1,form_group_outpatient_high_complexity_procedures_53094157,1,0.7105263157894737,0.2894736842105263,0.0,0.0,0.0,form_group_outpatient_high_complexity_procedures_53094157 > form_subgroup_patient_discharge_7189821
form_element_gender_37564841,/composition|demographic_data|openehr-ehr-composition.demographic_data.v1|openehr-ehr-composition.demographic_data.v1/admin_entry|demographic_data|openehr-ehr-admin_entry.demographic_data.v1|openehr-ehr-admin_entry.demographic_data.v1/item_tree|components|at0001|openehr-ehr-admin_entry.demographic_data.v1/element|gender|at0003|openehr-ehr-admin_entry.demographic_data.v1,gender,form_element,ELEMENT,leaf,DV_CODED_TEXT,at0003,openEHR-EHR-ADMIN_ENTRY.demographic_data.v1,0cea0dec-8a12-48cb-b83c-3294aa68c9a8,/composition|demographic_data|openehr-ehr-composition.demographic_data.v1|openehr-ehr-composition.demographic_data.v1/admin_entry|demographic_data|openehr-ehr-admin_entry.demographic_data.v1|openehr-ehr-admin_entry.demographic_data.v1/item_tree|components|at0001|openehr-ehr-admin_entry.demographic_data.v1/element|gender|at0003|openehr-ehr-admin_entry.demographic_data.v1,form_subgroup_components_8986729,3,0.2894736842105263,0.7105263157894737,0.18181818181818182,0.052631578947368425,0.09708275623268699,form_group_demographic_data_67540904 > form_subgroup_demographic_data_62669240 > form_subgroup_components_8986729 > form_element_gender_37564841
form_element_reason_for_discharge_39668972,/composition|outpatient_high_complexity_procedures|openehr-ehr-composition.outpatient_high_complexity_procedures.v1|openehr-ehr-composition.outpatient_high_complexity_procedures.v1/admin_entry|patient_discharge|openehr-ehr-admin_entry.patient_discharge.v1|openehr-ehr-admin_entry.patient_discharge.v1/item_tree|components|at0001|openehr-ehr-admin_entry.patient_discharge.v1/element|reason_for_discharge|at0003|openehr-ehr-admin_entry.patient_discharge.v1,reason for discharge,form_element,ELEMENT,leaf,DV_CODED_TEXT,at0003,openEHR-EHR-ADMIN_ENTRY.patient_discharge.v1,a575b369-c4a2-4bb5-84fa-619d5c641339,/composition|outpatient_high_complexity_procedures|openehr-ehr-composition.outpatient_high_complexity_procedures.v1|openehr-ehr-composition.outpatient_high_complexity_procedures.v1/admin_entry|patient_discharge|openehr-ehr-admin_entry.patient_discharge.v1|openehr-ehr-admin_entry.patient_discharge.v1/item_tree|components|at0001|openehr-ehr-admin_entry.patient_discharge.v1/element|reason_for_discharge|at0003|openehr-ehr-admin_entry.patient_discharge.v1,form_subgroup_components_73895491,3,0.7105263157894737,0.2894736842105263,0.1111111111111111,0.07894736842105263,0.37946964450600174,form_group_outpatient_high_complexity_procedures_53094157 > form_subgroup_patient_discharge_7189821 > form_subgroup_components_73895491 > form_element_reason_for_discharge_39668972
form_element_healthcare_unit_86359545,/composition|outpatient_high_complexity_procedures|openehr-ehr-composition.outpatient_high_complexity_procedures.v1|openehr-ehr-composition.outpatient_high_complexity_procedures.v1/admin_entry|hcpa|openehr-ehr-admin_entry.high_complexity_procedures_sus.v1|openehr-ehr-admin_entry.high_complexity_procedures_sus.v1/item_tree|components|at0001|openehr-ehr-admin_entry.high_complexity_procedures_sus.v1/cluster|general_data|at0023|openehr-ehr-admin_entry.high_complexity_procedures_sus.v1/element|healthcare_unit|at0011|openehr-ehr-admin_entry.high_complexity_procedures_sus.v1,healthcare unit,form_element,ELEMENT,leaf,DV_CODED_TEXT,at0011,openEHR-EHR-ADMIN_ENTRY.high_complexity_procedures_sus.v1,a575b369-c4a2-4bb5-84fa-619d5c641339,/composition|outpatient_high_complexity_procedures|openehr-ehr-composition.outpatient_high_complexity_procedures.v1|openehr-ehr-composition.outpatient_high_complexity_procedures.v1/admin_entry|hcpa|openehr-ehr-admin_entry.high_complexity_procedures_sus.v1|openehr-ehr-admin_entry.high_complexity_procedures_sus.v1/item_tree|components|at0001|openehr-ehr-admin_entry.high_complexity_procedures_sus.v1/cluster|general_data|at0023|openehr-ehr-admin_entry.high_complexity_procedures_sus.v1/element|healthcare_unit|at0011|openehr-ehr-admin_entry.high_complexity_procedures_sus.v1,form_subgroup_general_data_59025507,4,0.7105263157894737,0.2894736842105263,0.18518518518518517,0.13157894736842105,0.48581486611265,form_group_outpatient_high_complexity_procedures_53094157 > form_subgroup_hcpa_39435095 > form_subgroup_components_22319484 > form_subgroup_general_data_59025507 > form_element_healthcare_unit_86359545
form_element_fields_insertions_2_73585629,/composition|outpatient_high_complexity_procedures|openehr-ehr-composition.outpatient_high_complexity_procedures.v1|openehr-ehr-composition.outpatient_high_complexity_procedures.v1/action|procedure_undertaken|openehr-ehr-action.procedure-sus.v1|openehr-ehr-action.procedure-sus.v1/item_tree|procedure_list|at0001|openehr-ehr-action.procedure-sus.v1/element|fields_insertions_2|at0.61|openehr-ehr-action.procedure-sus.v1,fields/insertions 2,form_element,ELEMENT,leaf,,at0.61,openEHR-EHR-ACTION.procedure-sus.v1,a575b369-c4a2-4bb5-84fa-619d5c641339,/composition|outpatient_high_complexity_procedures|openehr-ehr-composition.outpatient_high_complexity_procedures.v1|openehr-ehr-composition.outpatient_high_complexity_procedures.v1/action|procedure_undertaken|openehr-ehr-action.procedure-sus.v1|openehr-ehr-action.procedure-sus.v1/item_tree|procedure_list|at0001|openehr-ehr-action.procedure-sus.v1/element|fields_insertions_2|at0.61|openehr-ehr-action.procedure-sus.v1,form_subgroup_procedure_list_22175009,3,0.10526315789473684,0.8947368421052632,0.25,0.02631578947368421,0.15146006463527237,form_group_outpatient_high_complexity_procedures_53094157 > form_subgroup_procedure_undertaken_15613614 > form_subgroup_procedure_list_22175009 > form_element_fields_insertions_2_73585629
form_element_duration_of_follow_up_months_11611943,/composition|outpatient_high_complexity_procedures|openehr-ehr-composition.outpatient_high_complexity_procedures.v1|openehr-ehr-composition.outpatient_high_complexity_procedures.v1/evaluation|bariatric_surgery_evaluation|openehr-ehr-evaluation.bariatric_surgery_evaluation.v1|openehr-ehr-evaluation.bariatric_surgery_evaluation.v1/item_tree|components|at0001|openehr-ehr-evaluation.bariatric_surgery_evaluation.v1/element|duration_of_follow-up_(months)|at0002|openehr-ehr-evaluation.bariatric_surgery_evaluation.v1,duration of follow-up (months),form_element,ELEMENT,leaf,,at0002,openEHR-EHR-EVALUATION.bariatric_surgery_evaluation.v1,edcb03a8-cc73-4485-a8a9-6559deb4597c,/composition|outpatient_high_complexity_procedures|openehr-ehr-composition.outpatient_high_complexity_procedures.v1|openehr-ehr-composition.outpatient_high_complexity_procedures.v1/evaluation|bariatric_surgery_evaluation|openehr-ehr-evaluation.bariatric_surgery_evaluation.v1|openehr-ehr-evaluation.bariatric_surgery_evaluation.v1/item_tree|components|at0001|openehr-ehr-evaluation.bariatric_surgery_evaluation.v1/element|duration_of_follow-up_(months)|at0002|openehr-ehr-evaluation.bariatric_surgery_evaluation.v1,form_subgroup_components_16444346,3,0.5,0.5,0.3157894736842105,0.15789473684210525,0.3611293859649123,form_group_outpatient_high_complexity_procedures_53094157 > form_subgroup_bariatric_surgery_evaluation_67482559 > form_subgroup_components_16444346 > form_element_duration_of_follow_up_months_11611943
form_element_duration_of_treatment_17569521,/composition|outpatient_high_complexity_procedures|openehr-ehr-composition.outpatient_high_complexity_procedures.v1|openehr-ehr-composition.outpatient_high_complexity_procedures.v1/admin_entry|hcpa|openehr-ehr-admin_entry.high_complexity_procedures_sus.v1|openehr-ehr-admin_entry.high_complexity_procedures_sus.v1/item_tree|components|at0001|openehr-ehr-admin_entry.high_complexity_procedures_sus.v1/cluster|chemotherapy|at0016|openehr-ehr-admin_entry.high_complexity_procedures_sus.v1/element|duration_of_treatment|at0013|openehr-ehr-admin_entry.high_complexity_procedures_sus.v1,duration of treatment,form_element,ELEMENT,leaf,DV_QUANTITY,at0013,openEHR-EHR-ADMIN_ENTRY.high_complexity_procedures_sus.v1,b1fffd24-8222-4a68-8b3f-075e228b98e1,/composition|outpatient_high_complexity_procedures|openehr-ehr-composition.outpatient_high_complexity_procedures.v1|openehr-ehr-composition.outpatient_high_complexity_procedures.v1/admin_entry|hcpa|openehr-ehr-admin_entry.high_complexity_procedures_sus.v1|openehr-ehr-admin_entry.high_complexity_procedures_sus.v1/item_tree|components|at0001|openehr-ehr-admin_entry.high_complexity_procedures_sus.v1/cluster|chemotherapy|at0016|openehr-ehr-admin_entry.high_complexity_procedures_sus.v1/element|duration_of_treatment|at0013|openehr-ehr-admin_entry.high_complexity_procedures_sus.v1,form_subgroup_chemotherapy_35185963,4,0.10526315789473684,0.8947368421052632,0.25,0.02631578947368421,0.16936172668513386,form_group_outpatient_high_complexity_procedures_53094157 > form_subgroup_hcpa_39435095 > form_subgroup_components_22319484 > form_subgroup_chemotherapy_35185963 > form_element_duration_of_treatment_17569521
form_subgroup_any_event_77307648,/composition|outpatient_high_complexity_procedures|openehr-ehr-composition.outpatient_high_complexity_procedures.v1|openehr-ehr-composition.outpatient_high_complexity_procedures.v1/observation|body_mass_index|openehr-ehr-observation.body_mass_index.v1|openehr-ehr-observation.body_mass_index.v1/none|history|at0001|openehr-ehr-observation.body_mass_index.v1/point_event|any_event|at0002|openehr-ehr-observation.body_mass_index.v1,Any event,form_subgroup,POINT_EVENT,substructure,,at0002,openEHR-EHR-OBSERVATION.body_mass_index.v1,edcb03a8-cc73-4485-a8a9-6559deb4597c,/composition|outpatient_high_complexity_procedures|openehr-ehr-composition.outpatient_high_complexity_procedures.v1|openehr-ehr-composition.outpatient_high_complexity_procedures.v1/observation|body_mass_index|openehr-ehr-observation.body_mass_index.v1|openehr-ehr-observation.body_mass_index.v1/none|history|at0001|openehr-ehr-observation.body_mass_index.v1/point_event|any_event|at0002|openehr-ehr-observation.body_mass_index.v1,form_subgroup_history_92829487,3,0.5,0.5,0.0,0.0,0.0,form_group_outpatient_high_complexity_procedures_53094157 > form_subgroup_body_mass_index_30887314 > form_subgroup_history_92829487 > form_subgroup_any_event_77307648
form_element_patient_age_58441305,/composition|outpatient_high_complexity_procedures|openehr-ehr-composition.outpatient_high_complexity_procedures.v1|openehr-ehr-composition.outpatient_high_complexity_procedures.v1/admin_entry|hcpa|openehr-ehr-admin_entry.high_complexity_procedures_sus.v1|openehr-ehr-admin_entry.high_complexity_procedures_sus.v1/item_tree|components|at0001|openehr-ehr-admin_entry.high_complexity_procedures_sus.v1/cluster|general_data|at0023|openehr-ehr-admin_entry.high_complexity_procedures_sus.v1/element|patient_age|at0012|openehr-ehr-admin_entry.high_complexity_procedures_sus.v1,patient age,form_element,ELEMENT,leaf,DV_COUNT,at0012,openEHR-EHR-ADMIN_ENTRY.high_complexity_procedures_sus.v1,a575b369-c4a2-4bb5-84fa-619d5c641339,/composition|outpatient_high_complexity_procedures|openehr-ehr-composition.outpatient_high_complexity_procedures.v1|openehr-ehr-composition.outpatient_high_complexity_procedures.v1/admin_entry|hcpa|openehr-ehr-admin_entry.high_complexity_procedures_sus.v1|openehr-ehr-admin_entry.high_complexity_procedures_sus.v1/item_tree|components|at0001|openehr-ehr-admin_entry.high_complexity_procedures_sus.v1/cluster|general_data|at0023|openehr-ehr-admin_entry.high_complexity_procedures_sus.v1/element|patient_age|at0012|openehr-ehr-admin_entry.high_complexity_procedures_sus.v1,form_subgroup_general_data_59025507,4,0.7105263157894737,0.2894736842105263,0.6666666666666666,0.47368421052631576,0.7633252539242844,form_group_outpatient_high_complexity_procedures_53094157 > form_subgroup_hcpa_39435095 > form_subgroup_components_22319484 > form_subgroup_general_data_59025507 > form_element_patient_age_58441305
form_element_schema_53382857,/composition|outpatient_high_complexity_procedures|openehr-ehr-composition.outpatient_high_complexity_procedures.v1|openehr-ehr-composition.outpatient_high_complexity_procedures.v1/admin_entry|hcpa|openehr-ehr-admin_entry.high_complexity_procedures_sus.v1|openehr-ehr-admin_entry.high_complexity_procedures_sus.v1/item_tree|components|at0001|openehr-ehr-admin_entry.high_complexity_procedures_sus.v1/cluster|chemotherapy|at0016|openehr-ehr-admin_entry.high_complexity_procedures_sus.v1/element|schema|at0014|openehr-ehr-admin_entry.high_complexity_procedures_sus.v1,schema,form_element,ELEMENT,leaf,DV_TEXT,at0014,openEHR-EHR-ADMIN_ENTRY.high_complexity_procedures_sus.v1,b1fffd24-8222-4a68-8b3f-075e228b98e1,/composition|outpatient_high_complexity_procedures|openehr-ehr-composition.outpatient_high_complexity_procedures.v1|openehr-ehr-composition.outpatient_high_complexity_procedures.v1/admin_entry|hcpa|openehr-ehr-admin_entry.high_complexity_procedures_sus.v1|openehr-ehr-admin_entry.high_complexity_procedures_sus.v1/item_tree|components|at0001|openehr-ehr-admin_entry.high_complexity_procedures_sus.v1/cluster|chemotherapy|at0016|openehr-ehr-admin_entry.high_complexity_procedures_sus.v1/element|schema|at0014|openehr-ehr-admin_entry.high_complexity_procedures_sus.v1,form_subgroup_chemotherapy_35185963,4,0.10526315789473684,0.8947368421052632,0.25,0.02631578947368421,0.16936172668513386,form_group_outpatient_high_complexity_procedures_53094157 > form_subgroup_hcpa_39435095 > form_subgroup_components_22319484 > form_subgroup_chemotherapy_35185963 > form_element_schema_53382857
form_element_state_87483822,/composition|outpatient_high_complexity_procedures|openehr-ehr-composition.outpatient_high_complexity_procedures.v1|openehr-ehr-composition.outpatient_high_complexity_procedures.v1/admin_entry|hcpa|openehr-ehr-admin_entry.high_complexity_procedures_sus.v1|openehr-ehr-admin_entry.high_complexity_procedures_sus.v1/item_tree|components|at0001|openehr-ehr-admin_entry.high_complexity_procedures_sus.v1/cluster|general_data|at0023|openehr-ehr-admin_entry.high_complexity_procedures_sus.v1/element|state|at0028|openehr-ehr-admin_entry.high_complexity_procedures_sus.v1,State,form_element,ELEMENT,leaf,DV_CODED_TEXT,at0028,openEHR-EHR-ADMIN_ENTRY.high_complexity_procedures_sus.v1,a575b369-c4a2-4bb5-84fa-619d5c641339,/composition|outpatient_high_complexity_procedures|openehr-ehr-composition.outpatient_high_complexity_procedures.v1|openehr-ehr-composition.outpatient_high_complexity_procedures.v1/admin_entry|hcpa|openehr-ehr-admin_entry.high_complexity_procedures_sus.v1|openehr-ehr-admin_entry.high_complexity_procedures_sus.v1/item_tree|components|at0001|openehr-ehr-admin_entry.high_complexity_procedures_sus.v1/cluster|general_data|at0023|openehr-ehr-admin_entry.high_complexity_procedures_sus.v1/element|state|at0028|openehr-ehr-admin_entry.high_complexity_procedures_sus.v1,form_subgroup_general_data_59025507,4,0.7105263157894737,0.2894736842105263,0.14814814814814814,0.10526315789473684,0.4644679132040627,form_group_outpatient_high_complexity_procedures_53094157 > form_subgroup_hcpa_39435095 > form_subgroup_components_22319484 > form_subgroup_general_data_59025507 > form_element_state_87483822
form_element_invaded_regional_linphonodes_93884987,/composition|outpatient_high_complexity_procedures|openehr-ehr-composition.outpatient_high_complexity_procedures.v1|openehr-ehr-composition.outpatient_high_complexity_procedures.v1/evaluation|problem_diagnosis|openehr-ehr-evaluation.problem_diagnosis-sus.v1|openehr-ehr-evaluation.problem_diagnosis-sus.v1/item_tree|structure|at0001|openehr-ehr-evaluation.problem_diagnosis-sus.v1/element|invaded_regional_linphonodes|at0.4|openehr-ehr-evaluation.problem_diagnosis-sus.v1,Invaded regional linphonodes,form_element,ELEMENT,leaf,DV_BOOLEAN,at0.4,openEHR-EHR-EVALUATION.problem_diagnosis-sus.v1,a575b369-c4a2-4bb5-84fa-619d5c641339,/composition|outpatient_high_complexity_procedures|openehr-ehr-composition.outpatient_high_complexity_procedures.v1|openehr-ehr-composition.outpatient_high_complexity_procedures.v1/evaluation|problem_diagnosis|openehr-ehr-evaluation.problem_diagnosis-sus.v1|openehr-ehr-evaluation.problem_diagnosis-sus.v1/item_tree|structure|at0001|openehr-ehr-evaluation.problem_diagnosis-sus.v1/element|invaded_regional_linphonodes|at0.4|openehr-ehr-evaluation.problem_diagnosis-sus.v1,form_subgroup_structure_81208573,3,0.21052631578947367,0.7894736842105263,0.125,0.02631578947368421,0.19527354570637112,form_group_outpatient_high_complexity_procedures_53094157 > form_subgroup_problem_diagnosis_60974515 > form_subgroup_structure_81208573 > form_element_invaded_regional_linphonodes_93884987
form_subgroup_pathological_ptnm_21609446,/composition|outpatient_high_complexity_procedures|openehr-ehr-composition.outpatient_high_complexity_procedures.v1|openehr-ehr-composition.outpatient_high_complexity_procedures.v1/evaluation|problem_diagnosis|openehr-ehr-evaluation.problem_diagnosis-sus.v1|openehr-ehr-evaluation.problem_diagnosis-sus.v1/item_tree|structure|at0001|openehr-ehr-evaluation.problem_diagnosis-sus.v1/cluster|tumour_-_tnm_cancer_staging|openehr-ehr-cluster.tnm_staging-sus.v1|openehr-ehr-evaluation.problem_diagnosis-sus.v1/cluster|pathological_(ptnm)|at0006|openehr-ehr-evaluation.problem_diagnosis-sus.v1,Pathological (pTNM),form_subgroup,CLUSTER,substructure,,at0006,openEHR-EHR-EVALUATION.problem_diagnosis-sus.v1,a575b369-c4a2-4bb5-84fa-619d5c641339,/composition|outpatient_high_complexity_procedures|openehr-ehr-composition.outpatient_high_complexity_procedures.v1|openehr-ehr-composition.outpatient_high_complexity_procedures.v1/evaluation|problem_diagnosis|openehr-ehr-evaluation.problem_diagnosis-sus.v1|openehr-ehr-evaluation.problem_diagnosis-sus.v1/item_tree|structure|at0001|openehr-ehr-evaluation.problem_diagnosis-sus.v1/cluster|tumour_-_tnm_cancer_staging|openehr-ehr-cluster.tnm_staging-sus.v1|openehr-ehr-evaluation.problem_diagnosis-sus.v1/cluster|pathological_(ptnm)|at0006|openehr-ehr-evaluation.problem_diagnosis-sus.v1,form_subgroup_tumour_tnm_cancer_staging_62677575,4,0.21052631578947367,0.7894736842105263,0.0,0.0,0.0,form_group_outpatient_high_complexity_procedures_53094157 > form_subgroup_problem_diagnosis_60974515 > form_subgroup_structure_81208573 > form_subgroup_tumour_tnm_cancer_staging_62677575 > form_subgroup_pathological_ptnm_21609446
form_subgroup_bariatric_surgery_evaluation_67482559,/composition|outpatient_high_complexity_procedures|openehr-ehr-composition.outpatient_high_complexity_procedures.v1|openehr-ehr-composition.outpatient_high_complexity_procedures.v1/evaluation|bariatric_surgery_evaluation|openehr-ehr-evaluation.bariatric_surgery_evaluation.v1|openehr-ehr-evaluation.bariatric_surgery_evaluation.v1,Bariatric surgery evaluation,form_subgroup,EVALUATION,substructure,,openEHR-EHR-EVALUATION.bariatric_surgery_evaluation.v1,openEHR-EHR-EVALUATION.bariatric_surgery_evaluation.v1,edcb03a8-cc73-4485-a8a9-6559deb4597c,/composition|outpatient_high_complexity_procedures|openehr-ehr-composition.outpatient_high_complexity_procedures.v1|openehr-ehr-composition.outpatient_high_complexity_procedures.v1/evaluation|bariatric_surgery_evaluation|openehr-ehr-evaluation.bariatric_surgery_evaluation.v1|openehr-ehr-evaluation.bariatric_surgery_evaluation.v1,form_group_outpatient_high_complexity_procedures_53094157,1,0.5,0.5,0.0,0.0,0.0,form_group_outpatient_high_complexity_procedures_53094157 > form_subgroup_bariatric_surgery_evaluation_67482559
form_subgroup_procedure_undertaken_15613614,/composition|outpatient_high_complexity_procedures|openehr-ehr-composition.outpatient_high_complexity_procedures.v1|openehr-ehr-composition.outpatient_high_complexity_procedures.v1/action|procedure_undertaken|openehr-ehr-action.procedure-sus.v1|openehr-ehr-action.procedure-sus.v1,Procedure undertaken,form_subgroup,ACTION,substructure,,openEHR-EHR-ACTION.procedure-sus.v1,openEHR-EHR-ACTION.procedure-sus.v1,a575b369-c4a2-4bb5-84fa-619d5c641339,/composition|outpatient_high_complexity_procedures|openehr-ehr-composition.outpatient_high_complexity_procedures.v1|openehr-ehr-composition.outpatient_high_complexity_procedures.v1/action|procedure_undertaken|openehr-ehr-action.procedure-sus.v1|openehr-ehr-action.procedure-sus.v1,form_group_outpatient_high_complexity_procedures_53094157,1,0.7105263157894737,0.2894736842105263,0.0,0.0,0.0,form_group_outpatient_high_complexity_procedures_53094157 > form_subgroup_procedure_undertaken_15613614
