source,target,edge_type,source_schema_edge_type,weight,structural_connectivity,containment_connectivity,cooccurrence_connectivity
form_group_outpatient_high_complexity_procedures_98154440,form_subgroup_hcpa_58498567,canonical_containment,containment,0.5,0.5,1.0,0.0
form_subgroup_hcpa_58498567,form_subgroup_components_38259766,canonical_containment,containment,0.5,0.5,1.0,0.0
form_subgroup_components_38259766,form_subgroup_general_data_55713130,canonical_containment,containment,0.5,0.5,1.0,0.0
form_subgroup_general_data_55713130,form_element_issue_date_74364763,canonical_containment,containment,0.5,0.5,1.0,0.0
form_subgroup_general_data_55713130,form_element_reason_for_encounter_484776,canonical_containment,containment,0.5,0.5,1.0,0.0
form_subgroup_general_data_55713130,form_element_healthcare_unit_91576644,canonical_containment,containment,0.5,0.5,1.0,0.0
form_subgroup_general_data_55713130,form_element_state_36093286,canonical_containment,containment,0.5,0.5,1.0,0.0
form_subgroup_general_data_55713130,form_element_patient_age_97509759,canonical_containment,containment,0.5,0.5,1.0,0.0
form_subgroup_components_38259766,form_subgroup_radiotherapy_58511139,canonical_containment,containment,0.5,0.5,1.0,0.0
form_subgroup_radiotherapy_58511139,form_element_date_of_beginning_of_radiotherapy_89962248,canonical_containment,containment,0.5,0.5,1.0,0.0
form_group_outpatient_high_complexity_procedures_98154440,form_subgroup_patient_discharge_3466474,canonical_containment,containment,0.5,0.5,1.0,0.0
form_subgroup_patient_discharge_3466474,form_subgroup_components_66884848,canonical_containment,containment,0.5,0.5,1.0,0.0
form_subgroup_components_66884848,form_element_date_of_discharge_34016312,canonical_containment,containment,0.5,0.5,1.0,0.0
form_subgroup_components_66884848,form_element_reason_for_discharge_82529110,canonical_containment,containment,0.5,0.5,1.0,0.0
form_group_outpatient_high_complexity_procedures_98154440,form_subgroup_problem_diagnosis_5614456,canonical_containment,containment,0.5,0.5,1.0,0.0
form_subgroup_problem_diagnosis_5614456,form_subgroup_structure_15398807,canonical_containment,containment,0.5,0.5,1.0,0.0
form_subgroup_structure_15398807,form_element_problem_18078477,canonical_containment,containment,0.5,0.5,1.0,0.0
form_subgroup_structure_15398807,form_element_secondary_diagnosis_88119803,canonical_containment,containment,0.5,0.5,1.0,0.0
form_subgroup_structure_15398807,form_element_associated_causes_50167049,canonical_containment,containment,0.5,0.5,1.0,0.0
form_subgroup_structure_15398807,form_element_invaded_regional_linphonodes_20845578,canonical_containment,containment,0.5,0.5,1.0,0.0
form_subgroup_structure_15398807,form_subgroup_tumour_tnm_cancer_staging_63756089,canonical_containment,containment,0.5,0.5,1.0,0.0
form_subgroup_tumour_tnm_cancer_staging_63756089,form_subgroup_clinical_ctnm_16674450,canonical_containment,containment,0.5,0.5,1.0,0.0
form_subgroup_clinical_ctnm_16674450,form_element_clinical_staging_23084355,canonical_containment,containment,0.5,0.5,1.0,0.0
form_subgroup_tumour_tnm_cancer_staging_63756089,form_subgroup_pathological_ptnm_46213545,canonical_containment,containment,0.5,0.5,1.0,0.0
form_subgroup_pathological_ptnm_46213545,form_element_histopathological_grading_g_97269373,canonical_containment,containment,0.5,0.5,1.0,0.0
form_subgroup_pathological_ptnm_46213545,form_element_date_of_pathological_identification_95966977,canonical_containment,containment,0.5,0.5,1.0,0.0
form_subgroup_tumour_tnm_cancer_staging_63756089,form_element_topography_33143161,canonical_containment,containment,0.5,0.5,1.0,0.0
form_group_outpatient_high_complexity_procedures_98154440,form_subgroup_procedure_undertaken_33328209,canonical_containment,containment,0.5,0.5,1.0,0.0
form_subgroup_procedure_undertaken_33328209,form_subgroup_procedure_list_20019079,canonical_containment,containment,0.5,0.5,1.0,0.0
form_subgroup_procedure_list_20019079,form_element_procedure_59956086,canonical_containment,containment,0.5,0.5,1.0,0.0
form_subgroup_procedure_list_20019079,form_element_irradiated_area_1_56445687,canonical_containment,containment,0.5,0.5,1.0,0.0
form_subgroup_procedure_list_20019079,form_element_irradiated_area_2_68195938,canonical_containment,containment,0.5,0.5,1.0,0.0
form_subgroup_procedure_list_20019079,form_element_irradiated_area_3_50179827,canonical_containment,containment,0.5,0.5,1.0,0.0
form_subgroup_procedure_list_20019079,form_element_fields_insertions_1_30601041,canonical_containment,containment,0.5,0.5,1.0,0.0
form_subgroup_procedure_list_20019079,form_element_fields_insertions_2_34805103,canonical_containment,containment,0.5,0.5,1.0,0.0
form_group_outpatient_high_complexity_procedures_98154440,form_subgroup_bariatric_surgery_evaluation_35888701,canonical_containment,containment,0.5,0.5,1.0,0.0
form_subgroup_bariatric_surgery_evaluation_35888701,form_subgroup_components_4559080,canonical_containment,containment,0.5,0.5,1.0,0.0
form_subgroup_components_4559080,form_element_duration_of_follow_up_months_95121908,canonical_containment,containment,0.5,0.5,1.0,0.0
form_subgroup_components_4559080,form_element_baros_score_97311808,canonical_containment,containment,0.5,0.5,1.0,0.0
form_subgroup_components_4559080,form_element_baros_table_47015499,canonical_containment,containment,0.5,0.5,1.0,0.0
form_group_outpatient_high_complexity_procedures_98154440,form_subgroup_body_mass_index_49433250,canonical_containment,containment,0.5,0.5,1.0,0.0
form_subgroup_body_mass_index_49433250,form_subgroup_history_71598173,canonical_containment,containment,0.5,0.5,1.0,0.0
form_subgroup_history_71598173,form_subgroup_any_event_90592681,canonical_containment,containment,0.5,0.5,1.0,0.0
form_subgroup_any_event_90592681,form_subgroup_single_1752019,canonical_containment,containment,0.5,0.5,1.0,0.0
form_subgroup_single_1752019,form_element_body_mass_index_70544807,canonical_containment,containment,0.5,0.5,1.0,0.0
form_group_demographic_data_95669353,form_subgroup_demographic_data_38084077,canonical_containment,containment,0.5,0.5,1.0,0.0
form_subgroup_demographic_data_38084077,form_subgroup_components_43959553,canonical_containment,containment,0.5,0.5,1.0,0.0
form_subgroup_components_43959553,form_element_birth_date_52238123,canonical_containment,containment,0.5,0.5,1.0,0.0
form_subgroup_components_43959553,form_element_gender_40583650,canonical_containment,containment,0.5,0.5,1.0,0.0
form_subgroup_components_38259766,form_subgroup_chemotherapy_71461718,canonical_containment,containment,0.5,0.5,1.0,0.0
form_subgroup_chemotherapy_71461718,form_element_duration_of_treatment_32643839,canonical_containment,containment,0.5,0.5,1.0,0.0
form_subgroup_chemotherapy_71461718,form_element_schema_62323819,canonical_containment,containment,0.5,0.5,1.0,0.0
form_subgroup_chemotherapy_71461718,form_element_date_of_beginning_of_chemotherapy_61295838,canonical_containment,containment,0.5,0.5,1.0,0.0
form_element_fields_insertions_1_30601041,form_element_fields_insertions_2_34805103,canonical_association,cooccurrence,0.4276315789473684,0.4276315789473684,0.75,0.10526315789473684
form_element_fields_insertions_2_34805103,form_element_fields_insertions_1_30601041,canonical_association,cooccurrence,0.4276315789473684,0.4276315789473684,0.75,0.10526315789473684
form_element_fields_insertions_1_30601041,form_element_irradiated_area_1_56445687,canonical_association,cooccurrence,0.4276315789473684,0.4276315789473684,0.75,0.10526315789473684
form_element_irradiated_area_1_56445687,form_element_fields_insertions_1_30601041,canonical_association,cooccurrence,0.4276315789473684,0.4276315789473684,0.75,0.10526315789473684
form_element_fields_insertions_1_30601041,form_element_irradiated_area_2_68195938,canonical_association,cooccurrence,0.4276315789473684,0.4276315789473684,0.75,0.10526315789473684
form_element_irradiated_area_2_68195938,form_element_fields_insertions_1_30601041,canonical_association,cooccurrence,0.4276315789473684,0.4276315789473684,0.75,0.10526315789473684
form_element_fields_insertions_1_30601041,form_element_irradiated_area_3_50179827,canonical_association,cooccurrence,0.4276315789473684,0.4276315789473684,0.75,0.10526315789473684
form_element_irradiated_area_3_50179827,form_element_fields_insertions_1_30601041,canonical_association,cooccurrence,0.4276315789473684,0.4276315789473684,0.75,0.10526315789473684
form_element_fields_insertions_1_30601041,form_element_procedure_59956086,canonical_association,cooccurrence,0.4276315789473684,0.4276315789473684,0.75,0.10526315789473684
form_element_procedure_59956086,form_element_fields_insertions_1_30601041,canonical_association,cooccurrence,0.4276315789473684,0.4276315789473684,0.75,0.10526315789473684
form_element_fields_insertions_2_34805103,form_element_irradiated_area_1_56445687,canonical_association,cooccurrence,0.4276315789473684,0.4276315789473684,0.75,0.10526315789473684
form_element_irradiated_area_1_56445687,form_element_fields_insertions_2_34805103,canonical_association,cooccurrence,0.4276315789473684,0.4276315789473684,0.75,0.10526315789473684
form_element_fields_insertions_2_34805103,form_element_irradiated_area_2_68195938,canonical_association,cooccurrence,0.4276315789473684,0.4276315789473684,0.75,0.10526315789473684
form_element_irradiated_area_2_68195938,form_element_fields_insertions_2_34805103,canonical_association,cooccurrence,0.4276315789473684,0.4276315789473684,0.75,0.10526315789473684
form_element_fields_insertions_2_34805103,form_element_irradiated_area_3_50179827,canonical_association,cooccurrence,0.4276315789473684,0.4276315789473684,0.75,0.10526315789473684
form_element_irradiated_area_3_50179827,form_element_fields_insertions_2_34805103,canonical_association,cooccurrence,0.4276315789473684,0.4276315789473684,0.75,0.10526315789473684
form_element_fields_insertions_2_34805103,form_element_procedure_59956086,canonical_association,cooccurrence,0.4276315789473684,0.4276315789473684,0.75,0.10526315789473684
form_element_procedure_59956086,form_element_fields_insertions_2_34805103,canonical_association,cooccurrence,0.4276315789473684,0.4276315789473684,0.75,0.10526315789473684
form_element_irradiated_area_1_56445687,form_element_irradiated_area_2_68195938,canonical_association,cooccurrence,0.4276315789473684,0.4276315789473684,0.75,0.10526315789473684
form_element_irradiated_area_2_68195938,form_element_irradiated_area_1_56445687,canonical_association,cooccurrence,0.4276315789473684,0.4276315789473684,0.75,0.10526315789473684
form_element_irradiated_area_1_56445687,form_element_irradiated_area_3_50179827,canonical_association,cooccurrence,0.4276315789473684,0.4276315789473684,0.75,0.10526315789473684
form_element_irradiated_area_3_50179827,form_element_irradiated_area_1_56445687,canonical_association,cooccurrence,0.4276315789473684,0.4276315789473684,0.75,0.10526315789473684
form_element_irradiated_area_1_56445687,form_element_procedure_59956086,canonical_association,cooccurrence,0.4276315789473684,0.4276315789473684,0.75,0.10526315789473684
form_element_procedure_59956086,form_element_irradiated_area_1_56445687,canonical_association,cooccurrence,0.4276315789473684,0.4276315789473684,0.75,0.10526315789473684
form_element_irradiated_area_2_68195938,form_element_irradiated_area_3_50179827,canonical_association,cooccurrence,0.4276315789473684,0.4276315789473684,0.75,0.10526315789473684
form_element_irradiated_area_3_50179827,form_element_irradiated_area_2_68195938,canonical_association,cooccurrence,0.4276315789473684,0.4276315789473684,0.75,0.10526315789473684
form_element_irradiated_area_2_68195938,form_element_procedure_59956086,canonical_association,cooccurrence,0.4276315789473684,0.4276315789473684,0.75,0.10526315789473684
form_element_procedure_59956086,form_element_irradiated_area_2_68195938,canonical_association,cooccurrence,0.4276315789473684,0.4276315789473684,0.75,0.10526315789473684
form_element_irradiated_area_3_50179827,form_element_procedure_59956086,canonical_association,cooccurrence,0.4276315789473684,0.4276315789473684,0.75,0.10526315789473684
form_element_procedure_59956086,form_element_irradiated_area_3_50179827,canonical_association,cooccurrence,0.4276315789473684,0.4276315789473684,0.75,0.10526315789473684
form_element_procedure_59956086,form_element_healthcare_unit_91576644,canonical_association,cooccurrence,0.4552631578947368,0.4552631578947368,0.2,0.7105263157894737
form_element_healthcare_unit_91576644,form_element_procedure_59956086,canonical_association,cooccurrence,0.4552631578947368,0.4552631578947368,0.2,0.7105263157894737
form_element_procedure_59956086,form_element_issue_date_74364763,canonical_association,cooccurrence,0.4552631578947368,0.4552631578947368,0.2,0.7105263157894737
form_element_issue_date_74364763,form_element_procedure_59956086,canonical_association,cooccurrence,0.4552631578947368,0.4552631578947368,0.2,0.7105263157894737
form_element_procedure_59956086,form_element_patient_age_97509759,canonical_association,cooccurrence,0.4552631578947368,0.4552631578947368,0.2,0.7105263157894737
form_element_patient_age_97509759,form_element_procedure_59956086,canonical_association,cooccurrence,0.4552631578947368,0.4552631578947368,0.2,0.7105263157894737
form_element_procedure_59956086,form_element_reason_for_encounter_484776,canonical_association,cooccurrence,0.4552631578947368,0.4552631578947368,0.2,0.7105263157894737
form_element_reason_for_encounter_484776,form_element_procedure_59956086,canonical_association,cooccurrence,0.4552631578947368,0.4552631578947368,0.2,0.7105263157894737
form_element_procedure_59956086,form_element_state_36093286,canonical_association,cooccurrence,0.4552631578947368,0.4552631578947368,0.2,0.7105263157894737
form_element_state_36093286,form_element_procedure_59956086,canonical_association,cooccurrence,0.4552631578947368,0.4552631578947368,0.2,0.7105263157894737
form_element_procedure_59956086,form_element_date_of_discharge_34016312,canonical_association,cooccurrence,0.48026315789473684,0.48026315789473684,0.25,0.7105263157894737
form_element_date_of_discharge_34016312,form_element_procedure_59956086,canonical_association,cooccurrence,0.48026315789473684,0.48026315789473684,0.25,0.7105263157894737
form_element_procedure_59956086,form_element_reason_for_discharge_82529110,canonical_association,cooccurrence,0.48026315789473684,0.48026315789473684,0.25,0.7105263157894737
form_element_reason_for_discharge_82529110,form_element_procedure_59956086,canonical_association,cooccurrence,0.48026315789473684,0.48026315789473684,0.25,0.7105263157894737
form_element_procedure_59956086,form_element_topography_33143161,canonical_association,cooccurrence,0.20526315789473684,0.20526315789473684,0.2,0.21052631578947367
form_element_topography_33143161,form_element_procedure_59956086,canonical_association,cooccurrence,0.20526315789473684,0.20526315789473684,0.2,0.21052631578947367
form_element_procedure_59956086,form_element_associated_causes_50167049,canonical_association,cooccurrence,0.48026315789473684,0.48026315789473684,0.25,0.7105263157894737
form_element_associated_causes_50167049,form_element_procedure_59956086,canonical_association,cooccurrence,0.48026315789473684,0.48026315789473684,0.25,0.7105263157894737
form_element_procedure_59956086,form_element_invaded_regional_linphonodes_20845578,canonical_association,cooccurrence,0.23026315789473684,0.23026315789473684,0.25,0.21052631578947367
form_element_invaded_regional_linphonodes_20845578,form_element_procedure_59956086,canonical_association,cooccurrence,0.23026315789473684,0.23026315789473684,0.25,0.21052631578947367
form_element_procedure_59956086,form_element_problem_18078477,canonical_association,cooccurrence,0.48026315789473684,0.48026315789473684,0.25,0.7105263157894737
form_element_problem_18078477,form_element_procedure_59956086,canonical_association,cooccurrence,0.48026315789473684,0.48026315789473684,0.25,0.7105263157894737
form_element_procedure_59956086,form_element_secondary_diagnosis_88119803,canonical_association,cooccurrence,0.48026315789473684,0.48026315789473684,0.25,0.7105263157894737
form_element_secondary_diagnosis_88119803,form_element_procedure_59956086,canonical_association,cooccurrence,0.48026315789473684,0.48026315789473684,0.25,0.7105263157894737
form_element_healthcare_unit_91576644,form_element_issue_date_74364763,canonical_association,cooccurrence,0.7552631578947369,0.7552631578947369,0.8,0.7105263157894737
form_element_issue_date_74364763,form_element_healthcare_unit_91576644,canonical_association,cooccurrence,0.7552631578947369,0.7552631578947369,0.8,0.7105263157894737
form_element_healthcare_unit_91576644,form_element_patient_age_97509759,canonical_association,cooccurrence,0.7552631578947369,0.7552631578947369,0.8,0.7105263157894737
form_element_patient_age_97509759,form_element_healthcare_unit_91576644,canonical_association,cooccurrence,0.7552631578947369,0.7552631578947369,0.8,0.7105263157894737
form_element_healthcare_unit_91576644,form_element_reason_for_encounter_484776,canonical_association,cooccurrence,0.7552631578947369,0.7552631578947369,0.8,0.7105263157894737
form_element_reason_for_encounter_484776,form_element_healthcare_unit_91576644,canonical_association,cooccurrence,0.7552631578947369,0.7552631578947369,0.8,0.7105263157894737
form_element_healthcare_unit_91576644,form_element_state_36093286,canonical_association,cooccurrence,0.7552631578947369,0.7552631578947369,0.8,0.7105263157894737
form_element_state_36093286,form_element_healthcare_unit_91576644,canonical_association,cooccurrence,0.7552631578947369,0.7552631578947369,0.8,0.7105263157894737
form_element_healthcare_unit_91576644,form_element_date_of_beginning_of_radiotherapy_89962248,canonical_association,cooccurrence,0.3526315789473684,0.3526315789473684,0.6,0.10526315789473684
form_element_date_of_beginning_of_radiotherapy_89962248,form_element_healthcare_unit_91576644,canonical_association,cooccurrence,0.3526315789473684,0.3526315789473684,0.6,0.10526315789473684
form_element_healthcare_unit_91576644,form_element_date_of_discharge_34016312,canonical_association,cooccurrence,0.4552631578947368,0.4552631578947368,0.2,0.7105263157894737
form_element_date_of_discharge_34016312,form_element_healthcare_unit_91576644,canonical_association,cooccurrence,0.4552631578947368,0.4552631578947368,0.2,0.7105263157894737
form_element_healthcare_unit_91576644,form_element_reason_for_discharge_82529110,canonical_association,cooccurrence,0.4552631578947368,0.4552631578947368,0.2,0.7105263157894737
form_element_reason_for_discharge_82529110,form_element_healthcare_unit_91576644,canonical_association,cooccurrence,0.4552631578947368,0.4552631578947368,0.2,0.7105263157894737
form_element_healthcare_unit_91576644,form_element_topography_33143161,canonical_association,cooccurrence,0.20526315789473684,0.20526315789473684,0.2,0.21052631578947367
form_element_topography_33143161,form_element_healthcare_unit_91576644,canonical_association,cooccurrence,0.20526315789473684,0.20526315789473684,0.2,0.21052631578947367
form_element_healthcare_unit_91576644,form_element_associated_causes_50167049,canonical_association,cooccurrence,0.4552631578947368,0.4552631578947368,0.2,0.7105263157894737
form_element_associated_causes_50167049,form_element_healthcare_unit_91576644,canonical_association,cooccurrence,0.4552631578947368,0.4552631578947368,0.2,0.7105263157894737
form_element_healthcare_unit_91576644,form_element_invaded_regional_linphonodes_20845578,canonical_association,cooccurrence,0.20526315789473684,0.20526315789473684,0.2,0.21052631578947367
form_element_invaded_regional_linphonodes_20845578,form_element_healthcare_unit_91576644,canonical_association,cooccurrence,0.20526315789473684,0.20526315789473684,0.2,0.21052631578947367
form_element_healthcare_unit_91576644,form_element_problem_18078477,canonical_association,cooccurrence,0.4552631578947368,0.4552631578947368,0.2,0.7105263157894737
form_element_problem_18078477,form_element_healthcare_unit_91576644,canonical_association,cooccurrence,0.4552631578947368,0.4552631578947368,0.2,0.7105263157894737
form_element_healthcare_unit_91576644,form_element_secondary_diagnosis_88119803,canonical_association,cooccurrence,0.4552631578947368,0.4552631578947368,0.2,0.7105263157894737
form_element_secondary_diagnosis_88119803,form_element_healthcare_unit_91576644,canonical_association,cooccurrence,0.4552631578947368,0.4552631578947368,0.2,0.7105263157894737
form_element_issue_date_74364763,form_element_patient_age_97509759,canonical_association,cooccurrence,0.7552631578947369,0.7552631578947369,0.8,0.7105263157894737
form_element_patient_age_97509759,form_element_issue_date_74364763,canonical_association,cooccurrence,0.7552631578947369,0.7552631578947369,0.8,0.7105263157894737
form_element_issue_date_74364763,form_element_reason_for_encounter_484776,canonical_association,cooccurrence,0.7552631578947369,0.7552631578947369,0.8,0.7105263157894737
form_element_reason_for_encounter_484776,form_element_issue_date_74364763,canonical_association,cooccurrence,0.7552631578947369,0.7552631578947369,0.8,0.7105263157894737
form_element_issue_date_74364763,form_element_state_36093286,canonical_association,cooccurrence,0.7552631578947369,0.7552631578947369,0.8,0.7105263157894737
form_element_state_36093286,form_element_issue_date_74364763,canonical_association,cooccurrence,0.7552631578947369,0.7552631578947369,0.8,0.7105263157894737
form_element_issue_date_74364763,form_element_date_of_beginning_of_radiotherapy_89962248,canonical_association,cooccurrence,0.3526315789473684,0.3526315789473684,0.6,0.10526315789473684
form_element_date_of_beginning_of_radiotherapy_89962248,form_element_issue_date_74364763,canonical_association,cooccurrence,0.3526315789473684,0.3526315789473684,0.6,0.10526315789473684
form_element_issue_date_74364763,form_element_date_of_discharge_34016312,canonical_association,cooccurrence,0.4552631578947368,0.4552631578947368,0.2,0.7105263157894737
form_element_date_of_discharge_34016312,form_element_issue_date_74364763,canonical_association,cooccurrence,0.4552631578947368,0.4552631578947368,0.2,0.7105263157894737
form_element_issue_date_74364763,form_element_reason_for_discharge_82529110,canonical_association,cooccurrence,0.4552631578947368,0.4552631578947368,0.2,0.7105263157894737
form_element_reason_for_discharge_82529110,form_element_issue_date_74364763,canonical_association,cooccurrence,0.4552631578947368,0.4552631578947368,0.2,0.7105263157894737
form_element_issue_date_74364763,form_element_topography_33143161,canonical_association,cooccurrence,0.20526315789473684,0.20526315789473684,0.2,0.21052631578947367
form_element_topography_33143161,form_element_issue_date_74364763,canonical_association,cooccurrence,0.20526315789473684,0.20526315789473684,0.2,0.21052631578947367
form_element_issue_date_74364763,form_element_associated_causes_50167049,canonical_association,cooccurrence,0.4552631578947368,0.4552631578947368,0.2,0.7105263157894737
form_element_associated_causes_50167049,form_element_issue_date_74364763,canonical_association,cooccurrence,0.4552631578947368,0.4552631578947368,0.2,0.7105263157894737
form_element_issue_date_74364763,form_element_invaded_regional_linphonodes_20845578,canonical_association,cooccurrence,0.20526315789473684,0.20526315789473684,0.2,0.21052631578947367
form_element_invaded_regional_linphonodes_20845578,form_element_issue_date_74364763,canonical_association,cooccurrence,0.20526315789473684,0.20526315789473684,0.2,0.21052631578947367
form_element_issue_date_74364763,form_element_problem_18078477,canonical_association,cooccurrence,0.4552631578947368,0.4552631578947368,0.2,0.7105263157894737
form_element_problem_18078477,form_element_issue_date_74364763,canonical_association,cooccurrence,0.4552631578947368,0.4552631578947368,0.2,0.7105263157894737
form_element_issue_date_74364763,form_element_secondary_diagnosis_88119803,canonical_association,cooccurrence,0.4552631578947368,0.4552631578947368,0.2,0.7105263157894737
form_element_secondary_diagnosis_88119803,form_element_issue_date_74364763,canonical_association,cooccurrence,0.4552631578947368,0.4552631578947368,0.2,0.7105263157894737
form_element_patient_age_97509759,form_element_reason_for_encounter_484776,canonical_association,cooccurrence,0.7552631578947369,0.7552631578947369,0.8,0.7105263157894737
form_element_reason_for_encounter_484776,form_element_patient_age_97509759,canonical_association,cooccurrence,0.7552631578947369,0.7552631578947369,0.8,0.7105263157894737
form_element_patient_age_97509759,form_element_state_36093286,canonical_association,cooccurrence,0.7552631578947369,0.7552631578947369,0.8,0.7105263157894737
form_element_state_36093286,form_element_patient_age_97509759,canonical_association,cooccurrence,0.7552631578947369,0.7552631578947369,0.8,0.7105263157894737
form_element_patient_age_97509759,form_element_date_of_beginning_of_radiotherapy_89962248,canonical_association,cooccurrence,0.3526315789473684,0.3526315789473684,0.6,0.10526315789473684
form_element_date_of_beginning_of_radiotherapy_89962248,form_element_patient_age_97509759,canonical_association,cooccurrence,0.3526315789473684,0.3526315789473684,0.6,0.10526315789473684
form_element_patient_age_97509759,form_element_date_of_discharge_34016312,canonical_association,cooccurrence,0.4552631578947368,0.4552631578947368,0.2,0.7105263157894737
form_element_date_of_discharge_34016312,form_element_patient_age_97509759,canonical_association,cooccurrence,0.4552631578947368,0.4552631578947368,0.2,0.7105263157894737
form_element_patient_age_97509759,form_element_reason_for_discharge_82529110,canonical_association,cooccurrence,0.4552631578947368,0.4552631578947368,0.2,0.7105263157894737
form_element_reason_for_discharge_82529110,form_element_patient_age_97509759,canonical_association,cooccurrence,0.4552631578947368,0.4552631578947368,0.2,0.7105263157894737
form_element_patient_age_97509759,form_element_topography_33143161,canonical_association,cooccurrence,0.20526315789473684,0.20526315789473684,0.2,0.21052631578947367
form_element_topography_33143161,form_element_patient_age_97509759,canonical_association,cooccurrence,0.20526315789473684,0.20526315789473684,0.2,0.21052631578947367
form_element_patient_age_97509759,form_element_associated_causes_50167049,canonical_association,cooccurrence,0.4552631578947368,0.4552631578947368,0.2,0.7105263157894737
form_element_associated_causes_50167049,form_element_patient_age_97509759,canonical_association,cooccurrence,0.4552631578947368,0.4552631578947368,0.2,0.7105263157894737
form_element_patient_age_97509759,form_element_invaded_regional_linphonodes_20845578,canonical_association,cooccurrence,0.20526315789473684,0.20526315789473684,0.2,0.21052631578947367
form_element_invaded_regional_linphonodes_20845578,form_element_patient_age_97509759,canonical_association,cooccurrence,0.20526315789473684,0.20526315789473684,0.2,0.21052631578947367
form_element_patient_age_97509759,form_element_problem_18078477,canonical_association,cooccurrence,0.4552631578947368,0.4552631578947368,0.2,0.7105263157894737
form_element_problem_18078477,form_element_patient_age_97509759,canonical_association,cooccurrence,0.4552631578947368,0.4552631578947368,0.2,0.7105263157894737
form_element_patient_age_97509759,form_element_secondary_diagnosis_88119803,canonical_association,cooccurrence,0.4552631578947368,0.4552631578947368,0.2,0.7105263157894737
form_element_secondary_diagnosis_88119803,form_element_patient_age_97509759,canonical_association,cooccurrence,0.4552631578947368,0.4552631578947368,0.2,0.7105263157894737
form_element_reason_for_encounter_484776,form_element_state_36093286,canonical_association,cooccurrence,0.7552631578947369,0.7552631578947369,0.8,0.7105263157894737
form_element_state_36093286,form_element_reason_for_encounter_484776,canonical_association,cooccurrence,0.7552631578947369,0.7552631578947369,0.8,0.7105263157894737
form_element_reason_for_encounter_484776,form_element_date_of_beginning_of_radiotherapy_89962248,canonical_association,cooccurrence,0.3526315789473684,0.3526315789473684,0.6,0.10526315789473684
form_element_date_of_beginning_of_radiotherapy_89962248,form_element_reason_for_encounter_484776,canonical_association,cooccurrence,0.3526315789473684,0.3526315789473684,0.6,0.10526315789473684
form_element_reason_for_encounter_484776,form_element_date_of_discharge_34016312,canonical_association,cooccurrence,0.4552631578947368,0.4552631578947368,0.2,0.7105263157894737
form_element_date_of_discharge_34016312,form_element_reason_for_encounter_484776,canonical_association,cooccurrence,0.4552631578947368,0.4552631578947368,0.2,0.7105263157894737
form_element_reason_for_encounter_484776,form_element_reason_for_discharge_82529110,canonical_association,cooccurrence,0.4552631578947368,0.4552631578947368,0.2,0.7105263157894737
form_element_reason_for_discharge_82529110,form_element_reason_for_encounter_484776,canonical_association,cooccurrence,0.4552631578947368,0.4552631578947368,0.2,0.7105263157894737
form_element_reason_for_encounter_484776,form_element_topography_33143161,canonical_association,cooccurrence,0.20526315789473684,0.20526315789473684,0.2,0.21052631578947367
form_element_topography_33143161,form_element_reason_for_encounter_484776,canonical_association,cooccurrence,0.20526315789473684,0.20526315789473684,0.2,0.21052631578947367
form_element_reason_for_encounter_484776,form_element_associated_causes_50167049,canonical_association,cooccurrence,0.4552631578947368,0.4552631578947368,0.2,0.7105263157894737
form_element_associated_causes_50167049,form_element_reason_for_encounter_484776,canonical_association,cooccurrence,0.4552631578947368,0.4552631578947368,0.2,0.7105263157894737
form_element_reason_for_encounter_484776,form_element_invaded_regional_linphonodes_20845578,canonical_association,cooccurrence,0.20526315789473684,0.20526315789473684,0.2,0.21052631578947367
form_element_invaded_regional_linphonodes_20845578,form_element_reason_for_encounter_484776,canonical_association,cooccurrence,0.20526315789473684,0.20526315789473684,0.2,0.21052631578947367
form_element_reason_for_encounter_484776,form_element_problem_18078477,canonical_association,cooccurrence,0.4552631578947368,0.4552631578947368,0.2,0.7105263157894737
form_element_problem_18078477,form_element_reason_for_encounter_484776,canonical_association,cooccurrence,0.4552631578947368,0.4552631578947368,0.2,0.7105263157894737
form_element_reason_for_encounter_484776,form_element_secondary_diagnosis_88119803,canonical_association,cooccurrence,0.4552631578947368,0.4552631578947368,0.2,0.7105263157894737
form_element_secondary_diagnosis_88119803,form_element_reason_for_encounter_484776,canonical_association,cooccurrence,0.4552631578947368,0.4552631578947368,0.2,0.7105263157894737
form_element_state_36093286,form_element_date_of_beginning_of_radiotherapy_89962248,canonical_association,cooccurrence,0.3526315789473684,0.3526315789473684,0.6,0.10526315789473684
form_element_date_of_beginning_of_radiotherapy_89962248,form_element_state_36093286,canonical_association,cooccurrence,0.3526315789473684,0.3526315789473684,0.6,0.10526315789473684
form_element_state_36093286,form_element_date_of_discharge_34016312,canonical_association,cooccurrence,0.4552631578947368,0.4552631578947368,0.2,0.7105263157894737
form_element_date_of_discharge_34016312,form_element_state_36093286,canonical_association,cooccurrence,0.4552631578947368,0.4552631578947368,0.2,0.7105263157894737
form_element_state_36093286,form_element_reason_for_discharge_82529110,canonical_association,cooccurrence,0.4552631578947368,0.4552631578947368,0.2,0.7105263157894737
form_element_reason_for_discharge_82529110,form_element_state_36093286,canonical_association,cooccurrence,0.4552631578947368,0.4552631578947368,0.2,0.7105263157894737
form_element_state_36093286,form_element_topography_33143161,canonical_association,cooccurrence,0.20526315789473684,0.20526315789473684,0.2,0.21052631578947367
form_element_topography_33143161,form_element_state_36093286,canonical_association,cooccurrence,0.20526315789473684,0.20526315789473684,0.2,0.21052631578947367
form_element_state_36093286,form_element_associated_causes_50167049,canonical_association,cooccurrence,0.4552631578947368,0.4552631578947368,0.2,0.7105263157894737
form_element_associated_causes_50167049,form_element_state_36093286,canonical_association,cooccurrence,0.4552631578947368,0.4552631578947368,0.2,0.7105263157894737
form_element_state_36093286,form_element_invaded_regional_linphonodes_20845578,canonical_association,cooccurrence,0.20526315789473684,0.20526315789473684,0.2,0.21052631578947367
form_element_invaded_regional_linphonodes_20845578,form_element_state_36093286,canonical_association,cooccurrence,0.20526315789473684,0.20526315789473684,0.2,0.21052631578947367
form_element_state_36093286,form_element_problem_18078477,canonical_association,cooccurrence,0.4552631578947368,0.4552631578947368,0.2,0.7105263157894737
form_element_problem_18078477,form_element_state_36093286,canonical_association,cooccurrence,0.4552631578947368,0.4552631578947368,0.2,0.7105263157894737
form_element_state_36093286,form_element_secondary_diagnosis_88119803,canonical_association,cooccurrence,0.4552631578947368,0.4552631578947368,0.2,0.7105263157894737
form_element_secondary_diagnosis_88119803,form_element_state_36093286,canonical_association,cooccurrence,0.4552631578947368,0.4552631578947368,0.2,0.7105263157894737
form_element_date_of_discharge_34016312,form_element_reason_for_discharge_82529110,canonical_association,cooccurrence,0.7302631578947368,0.7302631578947368,0.75,0.7105263157894737
form_element_reason_for_discharge_82529110,form_element_date_of_discharge_34016312,canonical_association,cooccurrence,0.7302631578947368,0.7302631578947368,0.75,0.7105263157894737
form_element_date_of_discharge_34016312,form_element_topography_33143161,canonical_association,cooccurrence,0.20526315789473684,0.20526315789473684,0.2,0.21052631578947367
form_element_topography_33143161,form_element_date_of_discharge_34016312,canonical_association,cooccurrence,0.20526315789473684,0.20526315789473684,0.2,0.21052631578947367
form_element_date_of_discharge_34016312,form_element_associated_causes_50167049,canonical_association,cooccurrence,0.48026315789473684,0.48026315789473684,0.25,0.7105263157894737
form_element_associated_causes_50167049,form_element_date_of_discharge_34016312,canonical_association,cooccurrence,0.48026315789473684,0.48026315789473684,0.25,0.7105263157894737
form_element_date_of_discharge_34016312,form_element_invaded_regional_linphonodes_20845578,canonical_association,cooccurrence,0.23026315789473684,0.23026315789473684,0.25,0.21052631578947367
form_element_invaded_regional_linphonodes_20845578,form_element_date_of_discharge_34016312,canonical_association,cooccurrence,0.23026315789473684,0.23026315789473684,0.25,0.21052631578947367
form_element_date_of_discharge_34016312,form_element_problem_18078477,canonical_association,cooccurrence,0.48026315789473684,0.48026315789473684,0.25,0.7105263157894737
form_element_problem_18078477,form_element_date_of_discharge_34016312,canonical_association,cooccurrence,0.48026315789473684,0.48026315789473684,0.25,0.7105263157894737
form_element_date_of_discharge_34016312,form_element_secondary_diagnosis_88119803,canonical_association,cooccurrence,0.48026315789473684,0.48026315789473684,0.25,0.7105263157894737
form_element_secondary_diagnosis_88119803,form_element_date_of_discharge_34016312,canonical_association,cooccurrence,0.48026315789473684,0.48026315789473684,0.25,0.7105263157894737
form_element_reason_for_discharge_82529110,form_element_topography_33143161,canonical_association,cooccurrence,0.20526315789473684,0.20526315789473684,0.2,0.21052631578947367
form_element_topography_33143161,form_element_reason_for_discharge_82529110,canonical_association,cooccurrence,0.20526315789473684,0.20526315789473684,0.2,0.21052631578947367
form_element_reason_for_discharge_82529110,form_element_associated_causes_50167049,canonical_association,cooccurrence,0.48026315789473684,0.48026315789473684,0.25,0.7105263157894737
form_element_associated_causes_50167049,form_element_reason_for_discharge_82529110,canonical_association,cooccurrence,0.48026315789473684,0.48026315789473684,0.25,0.7105263157894737
form_element_reason_for_discharge_82529110,form_element_invaded_regional_linphonodes_20845578,canonical_association,cooccurrence,0.23026315789473684,0.23026315789473684,0.25,0.21052631578947367
form_element_invaded_regional_linphonodes_20845578,form_element_reason_for_discharge_82529110,canonical_association,cooccurrence,0.23026315789473684,0.23026315789473684,0.25,0.21052631578947367
form_element_reason_for_discharge_82529110,form_element_problem_18078477,canonical_association,cooccurrence,0.48026315789473684,0.48026315789473684,0.25,0.7105263157894737
form_element_problem_18078477,form_element_reason_for_discharge_82529110,canonical_association,cooccurrence,0.48026315789473684,0.48026315789473684,0.25,0.7105263157894737
form_element_reason_for_discharge_82529110,form_element_secondary_diagnosis_88119803,canonical_association,cooccurrence,0.48026315789473684,0.48026315789473684,0.25,0.7105263157894737
form_element_secondary_diagnosis_88119803,form_element_reason_for_discharge_82529110,canonical_association,cooccurrence,0.48026315789473684,0.48026315789473684,0.25,0.7105263157894737
form_element_clinical_staging_23084355,form_element_date_of_pathological_identification_95966977,canonical_association,cooccurrence,0.43859649122807015,0.43859649122807015,0.6666666666666666,0.21052631578947367
form_element_date_of_pathological_identification_95966977,form_element_clinical_staging_23084355,canonical_association,cooccurrence,0.43859649122807015,0.43859649122807015,0.6666666666666666,0.21052631578947367
form_element_clinical_staging_23084355,form_element_histopathological_grading_g_97269373,canonical_association,cooccurrence,0.43859649122807015,0.43859649122807015,0.6666666666666666,0.21052631578947367
form_element_histopathological_grading_g_97269373,form_element_clinical_staging_23084355,canonical_association,cooccurrence,0.43859649122807015,0.43859649122807015,0.6666666666666666,0.21052631578947367
form_element_clinical_staging_23084355,form_element_topography_33143161,canonical_association,cooccurrence,0.43859649122807015,0.43859649122807015,0.6666666666666666,0.21052631578947367
form_element_topography_33143161,form_element_clinical_staging_23084355,canonical_association,cooccurrence,0.43859649122807015,0.43859649122807015,0.6666666666666666,0.21052631578947367
form_element_clinical_staging_23084355,form_element_associated_causes_50167049,canonical_association,cooccurrence,0.35526315789473684,0.35526315789473684,0.5,0.21052631578947367
form_element_associated_causes_50167049,form_element_clinical_staging_23084355,canonical_association,cooccurrence,0.35526315789473684,0.35526315789473684,0.5,0.21052631578947367
form_element_clinical_staging_23084355,form_element_invaded_regional_linphonodes_20845578,canonical_association,cooccurrence,0.35526315789473684,0.35526315789473684,0.5,0.21052631578947367
form_element_invaded_regional_linphonodes_20845578,form_element_clinical_staging_23084355,canonical_association,cooccurrence,0.35526315789473684,0.35526315789473684,0.5,0.21052631578947367
form_element_clinical_staging_23084355,form_element_problem_18078477,canonical_association,cooccurrence,0.35526315789473684,0.35526315789473684,0.5,0.21052631578947367
form_element_problem_18078477,form_element_clinical_staging_23084355,canonical_association,cooccurrence,0.35526315789473684,0.35526315789473684,0.5,0.21052631578947367
form_element_clinical_staging_23084355,form_element_secondary_diagnosis_88119803,canonical_association,cooccurrence,0.35526315789473684,0.35526315789473684,0.5,0.21052631578947367
form_element_secondary_diagnosis_88119803,form_element_clinical_staging_23084355,canonical_association,cooccurrence,0.35526315789473684,0.35526315789473684,0.5,0.21052631578947367
form_element_date_of_pathological_identification_95966977,form_element_histopathological_grading_g_97269373,canonical_association,cooccurrence,0.5219298245614035,0.5219298245614035,0.8333333333333334,0.21052631578947367
form_element_histopathological_grading_g_97269373,form_element_date_of_pathological_identification_95966977,canonical_association,cooccurrence,0.5219298245614035,0.5219298245614035,0.8333333333333334,0.21052631578947367
form_element_date_of_pathological_identification_95966977,form_element_topography_33143161,canonical_association,cooccurrence,0.43859649122807015,0.43859649122807015,0.6666666666666666,0.21052631578947367
form_element_topography_33143161,form_element_date_of_pathological_identification_95966977,canonical_association,cooccurrence,0.43859649122807015,0.43859649122807015,0.6666666666666666,0.21052631578947367
form_element_date_of_pathological_identification_95966977,form_element_associated_causes_50167049,canonical_association,cooccurrence,0.35526315789473684,0.35526315789473684,0.5,0.21052631578947367
form_element_associated_causes_50167049,form_element_date_of_pathological_identification_95966977,canonical_association,cooccurrence,0.35526315789473684,0.35526315789473684,0.5,0.21052631578947367
form_element_date_of_pathological_identification_95966977,form_element_invaded_regional_linphonodes_20845578,canonical_association,cooccurrence,0.35526315789473684,0.35526315789473684,0.5,0.21052631578947367
form_element_invaded_regional_linphonodes_20845578,form_element_date_of_pathological_identification_95966977,canonical_association,cooccurrence,0.35526315789473684,0.35526315789473684,0.5,0.21052631578947367
form_element_date_of_pathological_identification_95966977,form_element_problem_18078477,canonical_association,cooccurrence,0.35526315789473684,0.35526315789473684,0.5,0.21052631578947367
form_element_problem_18078477,form_element_date_of_pathological_identification_95966977,canonical_association,cooccurrence,0.35526315789473684,0.35526315789473684,0.5,0.21052631578947367
form_element_date_of_pathological_identification_95966977,form_element_secondary_diagnosis_88119803,canonical_association,cooccurrence,0.35526315789473684,0.35526315789473684,0.5,0.21052631578947367
form_element_secondary_diagnosis_88119803,form_element_date_of_pathological_identification_95966977,canonical_association,cooccurrence,0.35526315789473684,0.35526315789473684,0.5,0.21052631578947367
form_element_histopathological_grading_g_97269373,form_element_topography_33143161,canonical_association,cooccurrence,0.43859649122807015,0.43859649122807015,0.6666666666666666,0.21052631578947367
form_element_topography_33143161,form_element_histopathological_grading_g_97269373,canonical_association,cooccurrence,0.43859649122807015,0.43859649122807015,0.6666666666666666,0.21052631578947367
form_element_histopathological_grading_g_97269373,form_element_associated_causes_50167049,canonical_association,cooccurrence,0.35526315789473684,0.35526315789473684,0.5,0.21052631578947367
form_element_associated_causes_50167049,form_element_histopathological_grading_g_97269373,canonical_association,cooccurrence,0.35526315789473684,0.35526315789473684,0.5,0.21052631578947367
form_element_histopathological_grading_g_97269373,form_element_invaded_regional_linphonodes_20845578,canonical_association,cooccurrence,0.35526315789473684,0.35526315789473684,0.5,0.21052631578947367
form_element_invaded_regional_linphonodes_20845578,form_element_histopathological_grading_g_97269373,canonical_association,cooccurrence,0.35526315789473684,0.35526315789473684,0.5,0.21052631578947367
form_element_histopathological_grading_g_97269373,form_element_problem_18078477,canonical_association,cooccurrence,0.35526315789473684,0.35526315789473684,0.5,0.21052631578947367
form_element_problem_18078477,form_element_histopathological_grading_g_97269373,canonical_association,cooccurrence,0.35526315789473684,0.35526315789473684,0.5,0.21052631578947367
form_element_histopathological_grading_g_97269373,form_element_secondary_diagnosis_88119803,canonical_association,cooccurrence,0.35526315789473684,0.35526315789473684,0.5,0.21052631578947367
form_element_secondary_diagnosis_88119803,form_element_histopathological_grading_g_97269373,canonical_association,cooccurrence,0.35526315789473684,0.35526315789473684,0.5,0.21052631578947367
form_element_topography_33143161,form_element_associated_causes_50167049,canonical_association,cooccurrence,0.4052631578947368,0.4052631578947368,0.6,0.21052631578947367
form_element_associated_causes_50167049,form_element_topography_33143161,canonical_association,cooccurrence,0.4052631578947368,0.4052631578947368,0.6,0.21052631578947367
form_element_topography_33143161,form_element_invaded_regional_linphonodes_20845578,canonical_association,cooccurrence,0.4052631578947368,0.4052631578947368,0.6,0.21052631578947367
form_element_invaded_regional_linphonodes_20845578,form_element_topography_33143161,canonical_association,cooccurrence,0.4052631578947368,0.4052631578947368,0.6,0.21052631578947367
form_element_topography_33143161,form_element_problem_18078477,canonical_association,cooccurrence,0.4052631578947368,0.4052631578947368,0.6,0.21052631578947367
form_element_problem_18078477,form_element_topography_33143161,canonical_association,cooccurrence,0.4052631578947368,0.4052631578947368,0.6,0.21052631578947367
form_element_topography_33143161,form_element_secondary_diagnosis_88119803,canonical_association,cooccurrence,0.4052631578947368,0.4052631578947368,0.6,0.21052631578947367
form_element_secondary_diagnosis_88119803,form_element_topography_33143161,canonical_association,cooccurrence,0.4052631578947368,0.4052631578947368,0.6,0.21052631578947367
form_element_associated_causes_50167049,form_element_invaded_regional_linphonodes_20845578,canonical_association,cooccurrence,0.48026315789473684,0.48026315789473684,0.75,0.21052631578947367
form_element_invaded_regional_linphonodes_20845578,form_element_associated_causes_50167049,canonical_association,cooccurrence,0.48026315789473684,0.48026315789473684,0.75,0.21052631578947367
form_element_associated_causes_50167049,form_element_problem_18078477,canonical_association,cooccurrence,0.7302631578947368,0.7302631578947368,0.75,0.7105263157894737
form_element_problem_18078477,form_element_associated_causes_50167049,canonical_association,cooccurrence,0.7302631578947368,0.7302631578947368,0.75,0.7105263157894737
form_element_associated_causes_50167049,form_element_secondary_diagnosis_88119803,canonical_association,cooccurrence,0.7302631578947368,0.7302631578947368,0.75,0.7105263157894737
form_element_secondary_diagnosis_88119803,form_element_associated_causes_50167049,canonical_association,cooccurrence,0.7302631578947368,0.7302631578947368,0.75,0.7105263157894737
form_element_invaded_regional_linphonodes_20845578,form_element_problem_18078477,canonical_association,cooccurrence,0.48026315789473684,0.48026315789473684,0.75,0.21052631578947367
form_element_problem_18078477,form_element_invaded_regional_linphonodes_20845578,canonical_association,cooccurrence,0.48026315789473684,0.48026315789473684,0.75,0.21052631578947367
form_element_invaded_regional_linphonodes_20845578,form_element_secondary_diagnosis_88119803,canonical_association,cooccurrence,0.48026315789473684,0.48026315789473684,0.75,0.21052631578947367
form_element_secondary_diagnosis_88119803,form_element_invaded_regional_linphonodes_20845578,canonical_association,cooccurrence,0.48026315789473684,0.48026315789473684,0.75,0.21052631578947367
form_element_problem_18078477,form_element_secondary_diagnosis_88119803,canonical_association,cooccurrence,0.7302631578947368,0.7302631578947368,0.75,0.7105263157894737
form_element_secondary_diagnosis_88119803,form_element_problem_18078477,canonical_association,cooccurrence,0.7302631578947368,0.7302631578947368,0.75,0.7105263157894737
form_element_procedure_59956086,form_element_baros_score_97311808,canonical_association,cooccurrence,0.375,0.375,0.25,0.5
form_element_baros_score_97311808,form_element_procedure_59956086,canonical_association,cooccurrence,0.375,0.375,0.25,0.5
form_element_procedure_59956086,form_element_baros_table_47015499,canonical_association,cooccurrence,0.375,0.375,0.25,0.5
form_element_baros_table_47015499,form_element_procedure_59956086,canonical_association,cooccurrence,0.375,0.375,0.25,0.5
form_element_procedure_59956086,form_element_duration_of_follow_up_months_95121908,canonical_association,cooccurrence,0.375,0.375,0.25,0.5
form_element_duration_of_follow_up_months_95121908,form_element_procedure_59956086,canonical_association,cooccurrence,0.375,0.375,0.25,0.5
form_element_procedure_59956086,form_element_body_mass_index_70544807,canonical_association,cooccurrence,0.3333333333333333,0.3333333333333333,0.16666666666666666,0.5
form_element_body_mass_index_70544807,form_element_procedure_59956086,canonical_association,cooccurrence,0.3333333333333333,0.3333333333333333,0.16666666666666666,0.5
form_element_healthcare_unit_91576644,form_element_baros_score_97311808,canonical_association,cooccurrence,0.35,0.35,0.2,0.5
form_element_baros_score_97311808,form_element_healthcare_unit_91576644,canonical_association,cooccurrence,0.35,0.35,0.2,0.5
form_element_healthcare_unit_91576644,form_element_baros_table_47015499,canonical_association,cooccurrence,0.35,0.35,0.2,0.5
form_element_baros_table_47015499,form_element_healthcare_unit_91576644,canonical_association,cooccurrence,0.35,0.35,0.2,0.5
form_element_healthcare_unit_91576644,form_element_duration_of_follow_up_months_95121908,canonical_association,cooccurrence,0.35,0.35,0.2,0.5
form_element_duration_of_follow_up_months_95121908,form_element_healthcare_unit_91576644,canonical_association,cooccurrence,0.35,0.35,0.2,0.5
form_element_healthcare_unit_91576644,form_element_body_mass_index_70544807,canonical_association,cooccurrence,0.3333333333333333,0.3333333333333333,0.16666666666666666,0.5
form_element_body_mass_index_70544807,form_element_healthcare_unit_91576644,canonical_association,cooccurrence,0.3333333333333333,0.3333333333333333,0.16666666666666666,0.5
form_element_issue_date_74364763,form_element_baros_score_97311808,canonical_association,cooccurrence,0.35,0.35,0.2,0.5
form_element_baros_score_97311808,form_element_issue_date_74364763,canonical_association,cooccurrence,0.35,0.35,0.2,0.5
form_element_issue_date_74364763,form_element_baros_table_47015499,canonical_association,cooccurrence,0.35,0.35,0.2,0.5
form_element_baros_table_47015499,form_element_issue_date_74364763,canonical_association,cooccurrence,0.35,0.35,0.2,0.5
form_element_issue_date_74364763,form_element_duration_of_follow_up_months_95121908,canonical_association,cooccurrence,0.35,0.35,0.2,0.5
form_element_duration_of_follow_up_months_95121908,form_element_issue_date_74364763,canonical_association,cooccurrence,0.35,0.35,0.2,0.5
form_element_issue_date_74364763,form_element_body_mass_index_70544807,canonical_association,cooccurrence,0.3333333333333333,0.3333333333333333,0.16666666666666666,0.5
form_element_body_mass_index_70544807,form_element_issue_date_74364763,canonical_association,cooccurrence,0.3333333333333333,0.3333333333333333,0.16666666666666666,0.5
form_element_patient_age_97509759,form_element_baros_score_97311808,canonical_association,cooccurrence,0.35,0.35,0.2,0.5
form_element_baros_score_97311808,form_element_patient_age_97509759,canonical_association,cooccurrence,0.35,0.35,0.2,0.5
form_element_patient_age_97509759,form_element_baros_table_47015499,canonical_association,cooccurrence,0.35,0.35,0.2,0.5
form_element_baros_table_47015499,form_element_patient_age_97509759,canonical_association,cooccurrence,0.35,0.35,0.2,0.5
form_element_patient_age_97509759,form_element_duration_of_follow_up_months_95121908,canonical_association,cooccurrence,0.35,0.35,0.2,0.5
form_element_duration_of_follow_up_months_95121908,form_element_patient_age_97509759,canonical_association,cooccurrence,0.35,0.35,0.2,0.5
form_element_patient_age_97509759,form_element_body_mass_index_70544807,canonical_association,cooccurrence,0.3333333333333333,0.3333333333333333,0.16666666666666666,0.5
form_element_body_mass_index_70544807,form_element_patient_age_97509759,canonical_association,cooccurrence,0.3333333333333333,0.3333333333333333,0.16666666666666666,0.5
form_element_reason_for_encounter_484776,form_element_baros_score_97311808,canonical_association,cooccurrence,0.35,0.35,0.2,0.5
form_element_baros_score_97311808,form_element_reason_for_encounter_484776,canonical_association,cooccurrence,0.35,0.35,0.2,0.5
form_element_reason_for_encounter_484776,form_element_baros_table_47015499,canonical_association,cooccurrence,0.35,0.35,0.2,0.5
form_element_baros_table_47015499,form_element_reason_for_encounter_484776,canonical_association,cooccurrence,0.35,0.35,0.2,0.5
form_element_reason_for_encounter_484776,form_element_duration_of_follow_up_months_95121908,canonical_association,cooccurrence,0.35,0.35,0.2,0.5
form_element_duration_of_follow_up_months_95121908,form_element_reason_for_encounter_484776,canonical_association,cooccurrence,0.35,0.35,0.2,0.5
form_element_reason_for_encounter_484776,form_element_body_mass_index_70544807,canonical_association,cooccurrence,0.3333333333333333,0.3333333333333333,0.16666666666666666,0.5
form_element_body_mass_index_70544807,form_element_reason_for_encounter_484776,canonical_association,cooccurrence,0.3333333333333333,0.3333333333333333,0.16666666666666666,0.5
form_element_state_36093286,form_element_baros_score_97311808,canonical_association,cooccurrence,0.35,0.35,0.2,0.5
form_element_baros_score_97311808,form_element_state_36093286,canonical_association,cooccurrence,0.35,0.35,0.2,0.5
form_element_state_36093286,form_element_baros_table_47015499,canonical_association,cooccurrence,0.35,0.35,0.2,0.5
form_element_baros_table_47015499,form_element_state_36093286,canonical_association,cooccurrence,0.35,0.35,0.2,0.5
form_element_state_36093286,form_element_duration_of_follow_up_months_95121908,canonical_association,cooccurrence,0.35,0.35,0.2,0.5
form_element_duration_of_follow_up_months_95121908,form_element_state_36093286,canonical_association,cooccurrence,0.35,0.35,0.2,0.5
form_element_state_36093286,form_element_body_mass_index_70544807,canonical_association,cooccurrence,0.3333333333333333,0.3333333333333333,0.16666666666666666,0.5
form_element_body_mass_index_70544807,form_element_state_36093286,canonical_association,cooccurrence,0.3333333333333333,0.3333333333333333,0.16666666666666666,0.5
form_element_date_of_discharge_34016312,form_element_baros_score_97311808,canonical_association,cooccurrence,0.375,0.375,0.25,0.5
form_element_baros_score_97311808,form_element_date_of_discharge_34016312,canonical_association,cooccurrence,0.375,0.375,0.25,0.5
form_element_date_of_discharge_34016312,form_element_baros_table_47015499,canonical_association,cooccurrence,0.375,0.375,0.25,0.5
form_element_baros_table_47015499,form_element_date_of_discharge_34016312,canonical_association,cooccurrence,0.375,0.375,0.25,0.5
form_element_date_of_discharge_34016312,form_element_duration_of_follow_up_months_95121908,canonical_association,cooccurrence,0.375,0.375,0.25,0.5
form_element_duration_of_follow_up_months_95121908,form_element_date_of_discharge_34016312,canonical_association,cooccurrence,0.375,0.375,0.25,0.5
form_element_date_of_discharge_34016312,form_element_body_mass_index_70544807,canonical_association,cooccurrence,0.3333333333333333,0.3333333333333333,0.16666666666666666,0.5
form_element_body_mass_index_70544807,form_element_date_of_discharge_34016312,canonical_association,cooccurrence,0.3333333333333333,0.3333333333333333,0.16666666666666666,0.5
form_element_reason_for_discharge_82529110,form_element_baros_score_97311808,canonical_association,cooccurrence,0.375,0.375,0.25,0.5
form_element_baros_score_97311808,form_element_reason_for_discharge_82529110,canonical_association,cooccurrence,0.375,0.375,0.25,0.5
form_element_reason_for_discharge_82529110,form_element_baros_table_47015499,canonical_association,cooccurrence,0.375,0.375,0.25,0.5
form_element_baros_table_47015499,form_element_reason_for_discharge_82529110,canonical_association,cooccurrence,0.375,0.375,0.25,0.5
form_element_reason_for_discharge_82529110,form_element_duration_of_follow_up_months_95121908,canonical_association,cooccurrence,0.375,0.375,0.25,0.5
form_element_duration_of_follow_up_months_95121908,form_element_reason_for_discharge_82529110,canonical_association,cooccurrence,0.375,0.375,0.25,0.5
form_element_reason_for_discharge_82529110,form_element_body_mass_index_70544807,canonical_association,cooccurrence,0.3333333333333333,0.3333333333333333,0.16666666666666666,0.5
form_element_body_mass_index_70544807,form_element_reason_for_discharge_82529110,canonical_association,cooccurrence,0.3333333333333333,0.3333333333333333,0.16666666666666666,0.5
form_element_baros_score_97311808,form_element_baros_table_47015499,canonical_association,cooccurrence,0.625,0.625,0.75,0.5
form_element_baros_table_47015499,form_element_baros_score_97311808,canonical_association,cooccurrence,0.625,0.625,0.75,0.5
form_element_baros_score_97311808,form_element_duration_of_follow_up_months_95121908,canonical_association,cooccurrence,0.625,0.625,0.75,0.5
form_element_duration_of_follow_up_months_95121908,form_element_baros_score_97311808,canonical_association,cooccurrence,0.625,0.625,0.75,0.5
form_element_baros_score_97311808,form_element_associated_causes_50167049,canonical_association,cooccurrence,0.375,0.375,0.25,0.5
form_element_associated_causes_50167049,form_element_baros_score_97311808,canonical_association,cooccurrence,0.375,0.375,0.25,0.5
form_element_baros_score_97311808,form_element_problem_18078477,canonical_association,cooccurrence,0.375,0.375,0.25,0.5
form_element_problem_18078477,form_element_baros_score_97311808,canonical_association,cooccurrence,0.375,0.375,0.25,0.5
form_element_baros_score_97311808,form_element_secondary_diagnosis_88119803,canonical_association,cooccurrence,0.375,0.375,0.25,0.5
form_element_secondary_diagnosis_88119803,form_element_baros_score_97311808,canonical_association,cooccurrence,0.375,0.375,0.25,0.5
form_element_baros_score_97311808,form_element_body_mass_index_70544807,canonical_association,cooccurrence,0.3333333333333333,0.3333333333333333,0.16666666666666666,0.5
form_element_body_mass_index_70544807,form_element_baros_score_97311808,canonical_association,cooccurrence,0.3333333333333333,0.3333333333333333,0.16666666666666666,0.5
form_element_baros_table_47015499,form_element_duration_of_follow_up_months_95121908,canonical_association,cooccurrence,0.625,0.625,0.75,0.5
form_element_duration_of_follow_up_months_95121908,form_element_baros_table_47015499,canonical_association,cooccurrence,0.625,0.625,0.75,0.5
form_element_baros_table_47015499,form_element_associated_causes_50167049,canonical_association,cooccurrence,0.375,0.375,0.25,0.5
form_element_associated_causes_50167049,form_element_baros_table_47015499,canonical_association,cooccurrence,0.375,0.375,0.25,0.5
form_element_baros_table_47015499,form_element_problem_18078477,canonical_association,cooccurrence,0.375,0.375,0.25,0.5
form_element_problem_18078477,form_element_baros_table_47015499,canonical_association,cooccurrence,0.375,0.375,0.25,0.5
form_element_baros_table_47015499,form_element_secondary_diagnosis_88119803,canonical_association,cooccurrence,0.375,0.375,0.25,0.5
form_element_secondary_diagnosis_88119803,form_element_baros_table_47015499,canonical_association,cooccurrence,0.375,0.375,0.25,0.5
form_element_baros_table_47015499,form_element_body_mass_index_70544807,canonical_association,cooccurrence,0.3333333333333333,0.3333333333333333,0.16666666666666666,0.5
form_element_body_mass_index_70544807,form_element_baros_table_47015499,canonical_association,cooccurrence,0.3333333333333333,0.3333333333333333,0.16666666666666666,0.5
form_element_duration_of_follow_up_months_95121908,form_element_associated_causes_50167049,canonical_association,cooccurrence,0.375,0.375,0.25,0.5
form_element_associated_causes_50167049,form_element_duration_of_follow_up_months_95121908,canonical_association,cooccurrence,0.375,0.375,0.25,0.5
form_element_duration_of_follow_up_months_95121908,form_element_problem_18078477,canonical_association,cooccurrence,0.375,0.375,0.25,0.5
form_element_problem_18078477,form_element_duration_of_follow_up_months_95121908,canonical_association,cooccurrence,0.375,0.375,0.25,0.5
form_element_duration_of_follow_up_months_95121908,form_element_secondary_diagnosis_88119803,canonical_association,cooccurrence,0.375,0.375,0.25,0.5
form_element_secondary_diagnosis_88119803,form_element_duration_of_follow_up_months_95121908,canonical_association,cooccurrence,0.375,0.375,0.25,0.5
form_element_duration_of_follow_up_months_95121908,form_element_body_mass_index_70544807,canonical_association,cooccurrence,0.3333333333333333,0.3333333333333333,0.16666666666666666,0.5
form_element_body_mass_index_70544807,form_element_duration_of_follow_up_months_95121908,canonical_association,cooccurrence,0.3333333333333333,0.3333333333333333,0.16666666666666666,0.5
form_element_associated_causes_50167049,form_element_body_mass_index_70544807,canonical_association,cooccurrence,0.3333333333333333,0.3333333333333333,0.16666666666666666,0.5
form_element_body_mass_index_70544807,form_element_associated_causes_50167049,canonical_association,cooccurrence,0.3333333333333333,0.3333333333333333,0.16666666666666666,0.5
form_element_problem_18078477,form_element_body_mass_index_70544807,canonical_association,cooccurrence,0.3333333333333333,0.3333333333333333,0.16666666666666666,0.5
form_element_body_mass_index_70544807,form_element_problem_18078477,canonical_association,cooccurrence,0.3333333333333333,0.3333333333333333,0.16666666666666666,0.5
form_element_secondary_diagnosis_88119803,form_element_body_mass_index_70544807,canonical_association,cooccurrence,0.3333333333333333,0.3333333333333333,0.16666666666666666,0.5
form_element_body_mass_index_70544807,form_element_secondary_diagnosis_88119803,canonical_association,cooccurrence,0.3333333333333333,0.3333333333333333,0.16666666666666666,0.5
form_element_birth_date_52238123,form_element_gender_40583650,canonical_association,cooccurrence,0.5197368421052632,0.5197368421052632,0.75,0.2894736842105263
form_element_gender_40583650,form_element_birth_date_52238123,canonical_association,cooccurrence,0.5197368421052632,0.5197368421052632,0.75,0.2894736842105263
form_element_date_of_beginning_of_chemotherapy_61295838,form_element_duration_of_treatment_32643839,canonical_association,cooccurrence,0.45263157894736844,0.45263157894736844,0.8,0.10526315789473684
form_element_duration_of_treatment_32643839,form_element_date_of_beginning_of_chemotherapy_61295838,canonical_association,cooccurrence,0.45263157894736844,0.45263157894736844,0.8,0.10526315789473684
form_element_date_of_beginning_of_chemotherapy_61295838,form_element_schema_62323819,canonical_association,cooccurrence,0.45263157894736844,0.45263157894736844,0.8,0.10526315789473684
form_element_schema_62323819,form_element_date_of_beginning_of_chemotherapy_61295838,canonical_association,cooccurrence,0.45263157894736844,0.45263157894736844,0.8,0.10526315789473684
form_element_date_of_beginning_of_chemotherapy_61295838,form_element_healthcare_unit_91576644,canonical_association,cooccurrence,0.3526315789473684,0.3526315789473684,0.6,0.10526315789473684
form_element_healthcare_unit_91576644,form_element_date_of_beginning_of_chemotherapy_61295838,canonical_association,cooccurrence,0.3526315789473684,0.3526315789473684,0.6,0.10526315789473684
form_element_date_of_beginning_of_chemotherapy_61295838,form_element_issue_date_74364763,canonical_association,cooccurrence,0.3526315789473684,0.3526315789473684,0.6,0.10526315789473684
form_element_issue_date_74364763,form_element_date_of_beginning_of_chemotherapy_61295838,canonical_association,cooccurrence,0.3526315789473684,0.3526315789473684,0.6,0.10526315789473684
form_element_date_of_beginning_of_chemotherapy_61295838,form_element_patient_age_97509759,canonical_association,cooccurrence,0.3526315789473684,0.3526315789473684,0.6,0.10526315789473684
form_element_patient_age_97509759,form_element_date_of_beginning_of_chemotherapy_61295838,canonical_association,cooccurrence,0.3526315789473684,0.3526315789473684,0.6,0.10526315789473684
form_element_date_of_beginning_of_chemotherapy_61295838,form_element_reason_for_encounter_484776,canonical_association,cooccurrence,0.3526315789473684,0.3526315789473684,0.6,0.10526315789473684
form_element_reason_for_encounter_484776,form_element_date_of_beginning_of_chemotherapy_61295838,canonical_association,cooccurrence,0.3526315789473684,0.3526315789473684,0.6,0.10526315789473684
form_element_date_of_beginning_of_chemotherapy_61295838,form_element_state_36093286,canonical_association,cooccurrence,0.3526315789473684,0.3526315789473684,0.6,0.10526315789473684
form_element_state_36093286,form_element_date_of_beginning_of_chemotherapy_61295838,canonical_association,cooccurrence,0.3526315789473684,0.3526315789473684,0.6,0.10526315789473684
form_element_duration_of_treatment_32643839,form_element_schema_62323819,canonical_association,cooccurrence,0.45263157894736844,0.45263157894736844,0.8,0.10526315789473684
form_element_schema_62323819,form_element_duration_of_treatment_32643839,canonical_association,cooccurrence,0.45263157894736844,0.45263157894736844,0.8,0.10526315789473684
form_element_duration_of_treatment_32643839,form_element_healthcare_unit_91576644,canonical_association,cooccurrence,0.3526315789473684,0.3526315789473684,0.6,0.10526315789473684
form_element_healthcare_unit_91576644,form_element_duration_of_treatment_32643839,canonical_association,cooccurrence,0.3526315789473684,0.3526315789473684,0.6,0.10526315789473684
form_element_duration_of_treatment_32643839,form_element_issue_date_74364763,canonical_association,cooccurrence,0.3526315789473684,0.3526315789473684,0.6,0.10526315789473684
form_element_issue_date_74364763,form_element_duration_of_treatment_32643839,canonical_association,cooccurrence,0.3526315789473684,0.3526315789473684,0.6,0.10526315789473684
form_element_duration_of_treatment_32643839,form_element_patient_age_97509759,canonical_association,cooccurrence,0.3526315789473684,0.3526315789473684,0.6,0.10526315789473684
form_element_patient_age_97509759,form_element_duration_of_treatment_32643839,canonical_association,cooccurrence,0.3526315789473684,0.3526315789473684,0.6,0.10526315789473684
form_element_duration_of_treatment_32643839,form_element_reason_for_encounter_484776,canonical_association,cooccurrence,0.3526315789473684,0.3526315789473684,0.6,0.10526315789473684
form_element_reason_for_encounter_484776,form_element_duration_of_treatment_32643839,canonical_association,cooccurrence,0.3526315789473684,0.3526315789473684,0.6,0.10526315789473684
form_element_duration_of_treatment_32643839,form_element_state_36093286,canonical_association,cooccurrence,0.3526315789473684,0.3526315789473684,0.6,0.10526315789473684
form_element_state_36093286,form_element_duration_of_treatment_32643839,canonical_association,cooccurrence,0.3526315789473684,0.3526315789473684,0.6,0.10526315789473684
form_element_schema_62323819,form_element_healthcare_unit_91576644,canonical_association,cooccurrence,0.3526315789473684,0.3526315789473684,0.6,0.10526315789473684
form_element_healthcare_unit_91576644,form_element_schema_62323819,canonical_association,cooccurrence,0.3526315789473684,0.3526315789473684,0.6,0.10526315789473684
form_element_schema_62323819,form_element_issue_date_74364763,canonical_association,cooccurrence,0.3526315789473684,0.3526315789473684,0.6,0.10526315789473684
form_element_issue_date_74364763,form_element_schema_62323819,canonical_association,cooccurrence,0.3526315789473684,0.3526315789473684,0.6,0.10526315789473684
form_element_schema_62323819,form_element_patient_age_97509759,canonical_association,cooccurrence,0.3526315789473684,0.3526315789473684,0.6,0.10526315789473684
form_element_patient_age_97509759,form_element_schema_62323819,canonical_association,cooccurrence,0.3526315789473684,0.3526315789473684,0.6,0.10526315789473684
form_element_schema_62323819,form_element_reason_for_encounter_484776,canonical_association,cooccurrence,0.3526315789473684,0.3526315789473684,0.6,0.10526315789473684
form_element_reason_for_encounter_484776,form_element_schema_62323819,canonical_association,cooccurrence,0.3526315789473684,0.3526315789473684,0.6,0.10526315789473684
form_element_schema_62323819,form_element_state_36093286,canonical_association,cooccurrence,0.3526315789473684,0.3526315789473684,0.6,0.10526315789473684
form_element_state_36093286,form_element_schema_62323819,canonical_association,cooccurrence,0.3526315789473684,0.3526315789473684,0.6,0.10526315789473684
