canonical_id,name,datatype,queriability,field_role,best_input_operator,best_input_score,best_output_operator,best_output_score,input_operator_count,output_operator_count,path
form_element_baros_score_30536788,Baros score,DV_TEXT,0.27231359649122805,input_output,contains,0.24508223684210526,project,0.25052850877192984,1,1,/composition|outpatient_high_complexity_procedures|openehr-ehr-composition.outpatient_high_complexity_procedures.v1|openehr-ehr-composition.outpatient_high_complexity_procedures.v1/evaluation|bariatric_surgery_evaluation|openehr-ehr-evaluation.bariatric_surgery_evaluation.v1|openehr-ehr-evaluation.bariatric_surgery_evaluation.v1/item_tree|components|at0001|openehr-ehr-evaluation.bariatric_surgery_evaluation.v1/element|baros_score|at0003|openehr-ehr-evaluation.bariatric_surgery_evaluation.v1
form_element_problem_6291519,Problem,DV_CODED_TEXT,0.4626442751615881,input_output,equals,0.4626442751615881,group_by,0.4395120614035087,1,1,/composition|outpatient_high_complexity_procedures|openehr-ehr-composition.outpatient_high_complexity_procedures.v1|openehr-ehr-composition.outpatient_high_complexity_procedures.v1/evaluation|problem_diagnosis|openehr-ehr-evaluation.problem_diagnosis-sus.v1|openehr-ehr-evaluation.problem_diagnosis-sus.v1/item_tree|structure|at0001|openehr-ehr-evaluation.problem_diagnosis-sus.v1/element|problem|at0002.1|openehr-ehr-evaluation.problem_diagnosis-sus.v1
form_element_reason_for_encounter_81848998,reason for encounter,DV_CODED_TEXT,0.4217740073868882,input_output,equals,0.4217740073868882,group_by,0.4006853070175438,1,1,/composition|outpatient_high_complexity_procedures|openehr-ehr-composition.outpatient_high_complexity_procedures.v1|openehr-ehr-composition.outpatient_high_complexity_procedures.v1/admin_entry|hcpa|openehr-ehr-admin_entry.high_complexity_procedures_sus.v1|openehr-ehr-admin_entry.high_complexity_procedures_sus.v1/item_tree|components|at0001|openehr-ehr-admin_entry.high_complexity_procedures_sus.v1/cluster|general_data|at0023|openehr-ehr-admin_entry.high_complexity_procedures_sus.v1/element|reason_for_encounter|at0010|openehr-ehr-admin_entry.high_complexity_procedures_sus.v1
form_element_irradiated_area_2_8456726,irradiated area 2,,0.15146006463527237,input_output,is_present,0.07573003231763618,project,0.08330303554939981,1,1,/composition|outpatient_high_complexity_procedures|openehr-ehr-composition.outpatient_high_complexity_procedures.v1|openehr-ehr-composition.outpatient_high_complexity_procedures.v1/action|procedure_undertaken|openehr-ehr-action.procedure-sus.v1|openehr-ehr-action.procedure-sus.v1/item_tree|procedure_list|at0001|openehr-ehr-action.procedure-sus.v1/element|irradiated_area_2|at0.59|openehr-ehr-action.procedure-sus.v1
form_element_irradiated_area_3_42663940,irradiated area 3,,0.1279576408125577,input_output,is_present,0.06397882040627885,project,0.07037670244690675,1,1,/composition|outpatient_high_complexity_procedures|openehr-ehr-composition.outpatient_high_complexity_procedures.v1|openehr-ehr-composition.outpatient_high_complexity_procedures.v1/action|procedure_undertaken|openehr-ehr-action.procedure-sus.v1|openehr-ehr-action.procedure-sus.v1/item_tree|procedure_list|at0001|openehr-ehr-action.procedure-sus.v1/element|irradiated_area_3|at0.59|openehr-ehr-action.procedure-sus.v1
form_element_duration_of_treatment_55541724,duration of treatment,DV_QUANTITY,0.16936172668513386,input_output,range,0.16936172668513386,project,0.15581278855032316,1,1,/composition|outpatient_high_complexity_procedures|openehr-ehr-composition.outpatient_high_complexity_procedures.v1|openehr-ehr-composition.outpatient_high_complexity_procedures.v1/admin_entry|hcpa|openehr-ehr-admin_entry.high_complexity_procedures_sus.v1|openehr-ehr-admin_entry.high_complexity_procedures_sus.v1/item_tree|components|at0001|openehr-ehr-admin_entry.high_complexity_procedures_sus.v1/cluster|chemotherapy|at0016|openehr-ehr-admin_entry.high_complexity_procedures_sus.v1/element|duration_of_treatment|at0013|openehr-ehr-admin_entry.high_complexity_procedures_sus.v1
form_element_patient_age_11692428,patient age,DV_COUNT,0.7633252539242844,input_output,range,0.7633252539242844,project,0.7022592336103417,1,1,/composition|outpatient_high_complexity_procedures|openehr-ehr-composition.outpatient_high_complexity_procedures.v1|openehr-ehr-composition.outpatient_high_complexity_procedures.v1/admin_entry|hcpa|openehr-ehr-admin_entry.high_complexity_procedures_sus.v1|openehr-ehr-admin_entry.high_complexity_procedures_sus.v1/item_tree|components|at0001|openehr-ehr-admin_entry.high_complexity_procedures_sus.v1/cluster|general_data|at0023|openehr-ehr-admin_entry.high_complexity_procedures_sus.v1/element|patient_age|at0012|openehr-ehr-admin_entry.high_complexity_procedures_sus.v1
form_element_duration_of_follow_up_months_57737718,duration of follow-up (months),,0.3611293859649123,input_output,is_present,0.18056469298245614,project,0.19862116228070179,1,1,/composition|outpatient_high_complexity_procedures|openehr-ehr-composition.outpatient_high_complexity_procedures.v1|openehr-ehr-composition.outpatient_high_complexity_procedures.v1/evaluation|bariatric_surgery_evaluation|openehr-ehr-evaluation.bariatric_surgery_evaluation.v1|openehr-ehr-evaluation.bariatric_surgery_evaluation.v1/item_tree|components|at0001|openehr-ehr-evaluation.bariatric_surgery_evaluation.v1/element|duration_of_follow-up_(months)|at0002|openehr-ehr-evaluation.bariatric_surgery_evaluation.v1
form_element_baros_table_76331918,Baros table,DV_TEXT,0.2945175438596491,input_output,contains,0.2650657894736842,project,0.27095614035087723,1,1,/composition|outpatient_high_complexity_procedures|openehr-ehr-composition.outpatient_high_complexity_procedures.v1|openehr-ehr-composition.outpatient_high_complexity_procedures.v1/evaluation|bariatric_surgery_evaluation|openehr-ehr-evaluation.bariatric_surgery_evaluation.v1|openehr-ehr-evaluation.bariatric_surgery_evaluation.v1/item_tree|components|at0001|openehr-ehr-evaluation.bariatric_surgery_evaluation.v1/element|baros_table|at0004|openehr-ehr-evaluation.bariatric_surgery_evaluation.v1
form_element_fields_insertions_2_86965115,fields/insertions 2,,0.15146006463527237,input_output,is_present,0.07573003231763618,project,0.08330303554939981,1,1,/composition|outpatient_high_complexity_procedures|openehr-ehr-composition.outpatient_high_complexity_procedures.v1|openehr-ehr-composition.outpatient_high_complexity_procedures.v1/action|procedure_undertaken|openehr-ehr-action.procedure-sus.v1|openehr-ehr-action.procedure-sus.v1/item_tree|procedure_list|at0001|openehr-ehr-action.procedure-sus.v1/element|fields_insertions_2|at0.61|openehr-ehr-action.procedure-sus.v1
form_element_procedure_28233882,Procedure,DV_CODED_TEXT,0.4290714450600184,input_output,equals,0.4290714450600184,group_by,0.40761787280701745,1,1,/composition|outpatient_high_complexity_procedures|openehr-ehr-composition.outpatient_high_complexity_procedures.v1|openehr-ehr-composition.outpatient_high_complexity_procedures.v1/action|procedure_undertaken|openehr-ehr-action.procedure-sus.v1|openehr-ehr-action.procedure-sus.v1/item_tree|procedure_list|at0001|openehr-ehr-action.procedure-sus.v1/element|procedure|at0002|openehr-ehr-action.procedure-sus.v1
form_element_irradiated_area_1_45947905,irradiated area 1,DV_CODED_TEXT,0.2219673361034164,input_output,equals,0.2219673361034164,group_by,0.21086896929824558,1,1,/composition|outpatient_high_complexity_procedures|openehr-ehr-composition.outpatient_high_complexity_procedures.v1|openehr-ehr-composition.outpatient_high_complexity_procedures.v1/action|procedure_undertaken|openehr-ehr-action.procedure-sus.v1|openehr-ehr-action.procedure-sus.v1/item_tree|procedure_list|at0001|openehr-ehr-action.procedure-sus.v1/element|irradiated_area_1|at0.59|openehr-ehr-action.procedure-sus.v1
form_element_body_mass_index_9169367,Body Mass Index,DV_QUANTITY,0.46052631578947373,input_output,range,0.46052631578947373,project,0.42368421052631583,1,1,/composition|outpatient_high_complexity_procedures|openehr-ehr-composition.outpatient_high_complexity_procedures.v1|openehr-ehr-composition.outpatient_high_complexity_procedures.v1/observation|body_mass_index|openehr-ehr-observation.body_mass_index.v1|openehr-ehr-observation.body_mass_index.v1/none|history|at0001|openehr-ehr-observation.body_mass_index.v1/point_event|any_event|at0002|openehr-ehr-observation.body_mass_index.v1/item_tree|single|at0003|openehr-ehr-observation.body_mass_index.v1/element|body_mass_index|at0004|openehr-ehr-observation.body_mass_index.v1
form_element_issue_date_97542867,issue date,DV_DATE,0.6352435364727609,input_output,date_range,0.6352435364727609,sort,0.6352435364727609,1,1,/composition|outpatient_high_complexity_procedures|openehr-ehr-composition.outpatient_high_complexity_procedures.v1|openehr-ehr-composition.outpatient_high_complexity_procedures.v1/admin_entry|hcpa|openehr-ehr-admin_entry.high_complexity_procedures_sus.v1|openehr-ehr-admin_entry.high_complexity_procedures_sus.v1/item_tree|components|at0001|openehr-ehr-admin_entry.high_complexity_procedures_sus.v1/cluster|general_data|at0023|openehr-ehr-admin_entry.high_complexity_procedures_sus.v1/element|issue_date|at0009|openehr-ehr-admin_entry.high_complexity_procedures_sus.v1
form_element_date_of_beginning_of_radiotherapy_8799854,date of beginning of radiotherapy,DV_DATE,0.2523949676823638,input_output,date_range,0.2523949676823638,sort,0.2523949676823638,1,1,/composition|outpatient_high_complexity_procedures|openehr-ehr-composition.outpatient_high_complexity_procedures.v1|openehr-ehr-composition.outpatient_high_complexity_procedures.v1/admin_entry|hcpa|openehr-ehr-admin_entry.high_complexity_procedures_sus.v1|openehr-ehr-admin_entry.high_complexity_procedures_sus.v1/item_tree|components|at0001|openehr-ehr-admin_entry.high_complexity_procedures_sus.v1/cluster|radiotherapy|at0017|openehr-ehr-admin_entry.high_complexity_procedures_sus.v1/element|date_of_beginning_of_radiotherapy|at0032|openehr-ehr-admin_entry.high_complexity_procedures_sus.v1
form_element_associated_causes_18355847,Associated causes,DV_CODED_TEXT,0.376598568790397,input_output,equals,0.376598568790397,group_by,0.35776864035087713,1,1,/composition|outpatient_high_complexity_procedures|openehr-ehr-composition.outpatient_high_complexity_procedures.v1|openehr-ehr-composition.outpatient_high_complexity_procedures.v1/evaluation|problem_diagnosis|openehr-ehr-evaluation.problem_diagnosis-sus.v1|openehr-ehr-evaluation.problem_diagnosis-sus.v1/item_tree|structure|at0001|openehr-ehr-evaluation.problem_diagnosis-sus.v1/element|associated_causes|at0.2|openehr-ehr-evaluation.problem_diagnosis-sus.v1
form_element_fields_insertions_1_6053277,fields/insertions 1,DV_COUNT,0.2219673361034164,input_output,range,0.2219673361034164,project,0.2042099492151431,1,1,/composition|outpatient_high_complexity_procedures|openehr-ehr-composition.outpatient_high_complexity_procedures.v1|openehr-ehr-composition.outpatient_high_complexity_procedures.v1/action|procedure_undertaken|openehr-ehr-action.procedure-sus.v1|openehr-ehr-action.procedure-sus.v1/item_tree|procedure_list|at0001|openehr-ehr-action.procedure-sus.v1/element|fields_insertions_1|at0.61|openehr-ehr-action.procedure-sus.v1
form_element_topography_5987849,topography,DV_CODED_TEXT,0.2866920590951062,input_output,equals,0.2866920590951062,group_by,0.2723574561403509,1,1,/composition|outpatient_high_complexity_procedures|openehr-ehr-composition.outpatient_high_complexity_procedures.v1|openehr-ehr-composition.outpatient_high_complexity_procedures.v1/evaluation|problem_diagnosis|openehr-ehr-evaluation.problem_diagnosis-sus.v1|openehr-ehr-evaluation.problem_diagnosis-sus.v1/item_tree|structure|at0001|openehr-ehr-evaluation.problem_diagnosis-sus.v1/cluster|tumour_-_tnm_cancer_staging|openehr-ehr-cluster.tnm_staging-sus.v1|openehr-ehr-evaluation.problem_diagnosis-sus.v1/element|topography|at0.43|openehr-ehr-evaluation.problem_diagnosis-sus.v1
form_element_date_of_discharge_15954754,date of discharge,,0.4870267774699907,input_output,is_present,0.24351338873499534,project,0.2678647276084949,1,1,/composition|outpatient_high_complexity_procedures|openehr-ehr-composition.outpatient_high_complexity_procedures.v1|openehr-ehr-composition.outpatient_high_complexity_procedures.v1/admin_entry|patient_discharge|openehr-ehr-admin_entry.patient_discharge.v1|openehr-ehr-admin_entry.patient_discharge.v1/item_tree|components|at0001|openehr-ehr-admin_entry.patient_discharge.v1/element|date_of_discharge|at0002|openehr-ehr-admin_entry.patient_discharge.v1
form_element_state_80867438,State,DV_CODED_TEXT,0.4644679132040627,input_output,equals,0.4644679132040627,group_by,0.44124451754385957,1,1,/composition|outpatient_high_complexity_procedures|openehr-ehr-composition.outpatient_high_complexity_procedures.v1|openehr-ehr-composition.outpatient_high_complexity_procedures.v1/admin_entry|hcpa|openehr-ehr-admin_entry.high_complexity_procedures_sus.v1|openehr-ehr-admin_entry.high_complexity_procedures_sus.v1/item_tree|components|at0001|openehr-ehr-admin_entry.high_complexity_procedures_sus.v1/cluster|general_data|at0023|openehr-ehr-admin_entry.high_complexity_procedures_sus.v1/element|state|at0028|openehr-ehr-admin_entry.high_complexity_procedures_sus.v1
form_element_invaded_regional_linphonodes_29852477,Invaded regional linphonodes,DV_BOOLEAN,0.19527354570637112,input_output,equals,0.19527354570637112,group_by,0.16598251385041546,1,1,/composition|outpatient_high_complexity_procedures|openehr-ehr-composition.outpatient_high_complexity_procedures.v1|openehr-ehr-composition.outpatient_high_complexity_procedures.v1/evaluation|problem_diagnosis|openehr-ehr-evaluation.problem_diagnosis-sus.v1|openehr-ehr-evaluation.problem_diagnosis-sus.v1/item_tree|structure|at0001|openehr-ehr-evaluation.problem_diagnosis-sus.v1/element|invaded_regional_linphonodes|at0.4|openehr-ehr-evaluation.problem_diagnosis-sus.v1
form_element_healthcare_unit_33815719,healthcare unit,DV_CODED_TEXT,0.48581486611265,input_output,equals,0.48581486611265,group_by,0.4615241228070175,1,1,/composition|outpatient_high_complexity_procedures|openehr-ehr-composition.outpatient_high_complexity_procedures.v1|openehr-ehr-composition.outpatient_high_complexity_procedures.v1/admin_entry|hcpa|openehr-ehr-admin_entry.high_complexity_procedures_sus.v1|openehr-ehr-admin_entry.high_complexity_procedures_sus.v1/item_tree|components|at0001|openehr-ehr-admin_entry.high_complexity_procedures_sus.v1/cluster|general_data|at0023|openehr-ehr-admin_entry.high_complexity_procedures_sus.v1/element|healthcare_unit|at0011|openehr-ehr-admin_entry.high_complexity_procedures_sus.v1
form_element_clinical_staging_42779735,Clinical staging,DV_TEXT,0.25152931671283474,input_output,contains,0.22637638504155128,project,0.23140697137580796,1,1,/composition|outpatient_high_complexity_procedures|openehr-ehr-composition.outpatient_high_complexity_procedures.v1|openehr-ehr-composition.outpatient_high_complexity_procedures.v1/evaluation|problem_diagnosis|openehr-ehr-evaluation.problem_diagnosis-sus.v1|openehr-ehr-evaluation.problem_diagnosis-sus.v1/item_tree|structure|at0001|openehr-ehr-evaluation.problem_diagnosis-sus.v1/cluster|tumour_-_tnm_cancer_staging|openehr-ehr-cluster.tnm_staging-sus.v1|openehr-ehr-evaluation.problem_diagnosis-sus.v1/cluster|clinical_(ctnm)|at0002|openehr-ehr-evaluation.problem_diagnosis-sus.v1/element|clinical_staging|at0010|openehr-ehr-evaluation.problem_diagnosis-sus.v1
form_element_date_of_pathological_identification_85726639,date of pathological identification,DV_DATE,0.2760560941828255,input_output,date_range,0.2760560941828255,sort,0.2760560941828255,1,1,/composition|outpatient_high_complexity_procedures|openehr-ehr-composition.outpatient_high_complexity_procedures.v1|openehr-ehr-composition.outpatient_high_complexity_procedures.v1/evaluation|problem_diagnosis|openehr-ehr-evaluation.problem_diagnosis-sus.v1|openehr-ehr-evaluation.problem_diagnosis-sus.v1/item_tree|structure|at0001|openehr-ehr-evaluation.problem_diagnosis-sus.v1/cluster|tumour_-_tnm_cancer_staging|openehr-ehr-cluster.tnm_staging-sus.v1|openehr-ehr-evaluation.problem_diagnosis-sus.v1/cluster|pathological_(ptnm)|at0006|openehr-ehr-evaluation.problem_diagnosis-sus.v1/element|date_of_pathological_identification|at0.44|openehr-ehr-evaluation.problem_diagnosis-sus.v1
form_element_schema_71626204,schema,DV_TEXT,0.16936172668513386,input_output,contains,0.15242555401662047,project,0.15581278855032316,1,1,/composition|outpatient_high_complexity_procedures|openehr-ehr-composition.outpatient_high_complexity_procedures.v1|openehr-ehr-composition.outpatient_high_complexity_procedures.v1/admin_entry|hcpa|openehr-ehr-admin_entry.high_complexity_procedures_sus.v1|openehr-ehr-admin_entry.high_complexity_procedures_sus.v1/item_tree|components|at0001|openehr-ehr-admin_entry.high_complexity_procedures_sus.v1/cluster|chemotherapy|at0016|openehr-ehr-admin_entry.high_complexity_procedures_sus.v1/element|schema|at0014|openehr-ehr-admin_entry.high_complexity_procedures_sus.v1
form_element_histopathological_grading_g_82489253,Histopathological grading (G),,0.20740997229916897,input_output,is_present,0.10370498614958448,project,0.11407548476454293,1,1,/composition|outpatient_high_complexity_procedures|openehr-ehr-composition.outpatient_high_complexity_procedures.v1|openehr-ehr-composition.outpatient_high_complexity_procedures.v1/evaluation|problem_diagnosis|openehr-ehr-evaluation.problem_diagnosis-sus.v1|openehr-ehr-evaluation.problem_diagnosis-sus.v1/item_tree|structure|at0001|openehr-ehr-evaluation.problem_diagnosis-sus.v1/cluster|tumour_-_tnm_cancer_staging|openehr-ehr-cluster.tnm_staging-sus.v1|openehr-ehr-evaluation.problem_diagnosis-sus.v1/cluster|pathological_(ptnm)|at0006|openehr-ehr-evaluation.problem_diagnosis-sus.v1/element|histopathological_grading_(g)|at0035|openehr-ehr-evaluation.problem_diagnosis-sus.v1
form_element_secondary_diagnosis_31912423,Secondary Diagnosis,DV_CODED_TEXT,0.376598568790397,input_output,equals,0.376598568790397,group_by,0.35776864035087713,1,1,/composition|outpatient_high_complexity_procedures|openehr-ehr-composition.outpatient_high_complexity_procedures.v1|openehr-ehr-composition.outpatient_high_complexity_procedures.v1/evaluation|problem_diagnosis|openehr-ehr-evaluation.problem_diagnosis-sus.v1|openehr-ehr-evaluation.problem_diagnosis-sus.v1/item_tree|structure|at0001|openehr-ehr-evaluation.problem_diagnosis-sus.v1/element|secondary_diagnosis|at0.1|openehr-ehr-evaluation.problem_diagnosis-sus.v1
form_element_date_of_beginning_of_chemotherapy_62128293,date of beginning of chemotherapy,DV_DATE,0.16936172668513386,input_output,date_range,0.16936172668513386,sort,0.16936172668513386,1,1,/composition|outpatient_high_complexity_procedures|openehr-ehr-composition.outpatient_high_complexity_procedures.v1|openehr-ehr-composition.outpatient_high_complexity_procedures.v1/admin_entry|hcpa|openehr-ehr-admin_entry.high_complexity_procedures_sus.v1|openehr-ehr-admin_entry.high_complexity_procedures_sus.v1/item_tree|components|at0001|openehr-ehr-admin_entry.high_complexity_procedures_sus.v1/cluster|chemotherapy|at0016|openehr-ehr-admin_entry.high_complexity_procedures_sus.v1/element|date_of_beginning_of_chemotherapy|at0031|openehr-ehr-admin_entry.high_complexity_procedures_sus.v1
form_element_reason_for_discharge_39205268,reason for discharge,DV_CODED_TEXT,0.37946964450600174,input_output,equals,0.37946964450600174,group_by,0.36049616228070164,1,1,/composition|outpatient_high_complexity_procedures|openehr-ehr-composition.outpatient_high_complexity_procedures.v1|openehr-ehr-composition.outpatient_high_complexity_procedures.v1/admin_entry|patient_discharge|openehr-ehr-admin_entry.patient_discharge.v1|openehr-ehr-admin_entry.patient_discharge.v1/item_tree|components|at0001|openehr-ehr-admin_entry.patient_discharge.v1/element|reason_for_discharge|at0003|openehr-ehr-admin_entry.patient_discharge.v1
form_element_birth_date_9767220,birth date,DV_DATE,0.3031509695290859,input_output,date_range,0.3031509695290859,sort,0.3031509695290859,1,1,/composition|demographic_data|openehr-ehr-composition.demographic_data.v1|openehr-ehr-composition.demographic_data.v1/admin_entry|demographic_data|openehr-ehr-admin_entry.demographic_data.v1|openehr-ehr-admin_entry.demographic_data.v1/item_tree|components|at0001|openehr-ehr-admin_entry.demographic_data.v1/element|birth_date|at0002|openehr-ehr-admin_entry.demographic_data.v1
form_element_gender_55022322,gender,DV_CODED_TEXT,0.09708275623268699,input_output,equals,0.09708275623268699,group_by,0.09222861842105264,1,1,/composition|demographic_data|openehr-ehr-composition.demographic_data.v1|openehr-ehr-composition.demographic_data.v1/admin_entry|demographic_data|openehr-ehr-admin_entry.demographic_data.v1|openehr-ehr-admin_entry.demographic_data.v1/item_tree|components|at0001|openehr-ehr-admin_entry.demographic_data.v1/element|gender|at0003|openehr-ehr-admin_entry.demographic_data.v1
