form_id,form_group,field_id,canonical_id,name,role,datatype,operator,operator_class,control_type,score,queriability,ui_group,path
aqf_outpatient_high_complexity_procedures_89660,Outpatient high complexity procedures,filter_patient_age_1023,form_element_patient_age_17286351,patient age,filter,DV_COUNT,range,filter,range_slider,0.7303572253000923,0.7303572253000923,General Data,/composition|outpatient_high_complexity_procedures|openehr-ehr-composition.outpatient_high_complexity_procedures.v1|openehr-ehr-composition.outpatient_high_complexity_procedures.v1/admin_entry|hcpa|openehr-ehr-admin_entry.high_complexity_procedures_sus.v1|openehr-ehr-admin_entry.high_complexity_procedures_sus.v1/item_tree|components|at0001|openehr-ehr-admin_entry.high_complexity_procedures_sus.v1/cluster|general_data|at0023|openehr-ehr-admin_entry.high_complexity_procedures_sus.v1/element|patient_age|at0012|openehr-ehr-admin_entry.high_complexity_procedures_sus.v1
aqf_outpatient_high_complexity_procedures_89660,Outpatient high complexity procedures,filter_issue_date_48591,form_element_issue_date_49957178,issue date,filter,DV_DATE,date_range,filter,date_range_picker,0.6035116574330563,0.6035116574330563,General Data,/composition|outpatient_high_complexity_procedures|openehr-ehr-composition.outpatient_high_complexity_procedures.v1|openehr-ehr-composition.outpatient_high_complexity_procedures.v1/admin_entry|hcpa|openehr-ehr-admin_entry.high_complexity_procedures_sus.v1|openehr-ehr-admin_entry.high_complexity_procedures_sus.v1/item_tree|components|at0001|openehr-ehr-admin_entry.high_complexity_procedures_sus.v1/cluster|general_data|at0023|openehr-ehr-admin_entry.high_complexity_procedures_sus.v1/element|issue_date|at0009|openehr-ehr-admin_entry.high_complexity_procedures_sus.v1
aqf_outpatient_high_complexity_procedures_89660,Outpatient high complexity procedures,filter_healthcare_unit_52876,form_element_healthcare_unit_46588062,healthcare unit,filter,DV_CODED_TEXT,equals,filter,dropdown,0.4555251615881811,0.4555251615881811,General Data,/composition|outpatient_high_complexity_procedures|openehr-ehr-composition.outpatient_high_complexity_procedures.v1|openehr-ehr-composition.outpatient_high_complexity_procedures.v1/admin_entry|hcpa|openehr-ehr-admin_entry.high_complexity_procedures_sus.v1|openehr-ehr-admin_entry.high_complexity_procedures_sus.v1/item_tree|components|at0001|openehr-ehr-admin_entry.high_complexity_procedures_sus.v1/cluster|general_data|at0023|openehr-ehr-admin_entry.high_complexity_procedures_sus.v1/element|healthcare_unit|at0011|openehr-ehr-admin_entry.high_complexity_procedures_sus.v1
aqf_outpatient_high_complexity_procedures_89660,Outpatient high complexity procedures,filter_state_50234,form_element_state_78832791,State,filter,DV_CODED_TEXT,equals,filter,dropdown,0.4343842336103418,0.4343842336103418,General Data,/composition|outpatient_high_complexity_procedures|openehr-ehr-composition.outpatient_high_complexity_procedures.v1|openehr-ehr-composition.outpatient_high_complexity_procedures.v1/admin_entry|hcpa|openehr-ehr-admin_entry.high_complexity_procedures_sus.v1|openehr-ehr-admin_entry.high_complexity_procedures_sus.v1/item_tree|components|at0001|openehr-ehr-admin_entry.high_complexity_procedures_sus.v1/cluster|general_data|at0023|openehr-ehr-admin_entry.high_complexity_procedures_sus.v1/element|state|at0028|openehr-ehr-admin_entry.high_complexity_procedures_sus.v1
aqf_outpatient_high_complexity_procedures_89660,Outpatient high complexity procedures,filter_problem_52665,form_element_problem_90880101,Problem,filter,DV_CODED_TEXT,equals,filter,dropdown,0.4009862650046168,0.4009862650046168,Structure,/composition|outpatient_high_complexity_procedures|openehr-ehr-composition.outpatient_high_complexity_procedures.v1|openehr-ehr-composition.outpatient_high_complexity_procedures.v1/evaluation|problem_diagnosis|openehr-ehr-evaluation.problem_diagnosis-sus.v1|openehr-ehr-evaluation.problem_diagnosis-sus.v1/item_tree|structure|at0001|openehr-ehr-evaluation.problem_diagnosis-sus.v1/element|problem|at0002.1|openehr-ehr-evaluation.problem_diagnosis-sus.v1
aqf_outpatient_high_complexity_procedures_89660,Outpatient high complexity procedures,filter_body_mass_index_8603,form_element_body_mass_index_85752702,Body Mass Index,filter,DV_QUANTITY,range,filter,range_slider,0.4006578947368421,0.4006578947368421,Single,/composition|outpatient_high_complexity_procedures|openehr-ehr-composition.outpatient_high_complexity_procedures.v1|openehr-ehr-composition.outpatient_high_complexity_procedures.v1/observation|body_mass_index|openehr-ehr-observation.body_mass_index.v1|openehr-ehr-observation.body_mass_index.v1/none|history|at0001|openehr-ehr-observation.body_mass_index.v1/point_event|any_event|at0002|openehr-ehr-observation.body_mass_index.v1/item_tree|single|at0003|openehr-ehr-observation.body_mass_index.v1/element|body_mass_index|at0004|openehr-ehr-observation.body_mass_index.v1
aqf_outpatient_high_complexity_procedures_89660,Outpatient high complexity procedures,filter_reason_for_encounter_52091,form_element_reason_for_encounter_20229445,reason for encounter,filter,DV_CODED_TEXT,equals,filter,dropdown,0.39210237765466316,0.39210237765466316,General Data,/composition|outpatient_high_complexity_procedures|openehr-ehr-composition.outpatient_high_complexity_procedures.v1|openehr-ehr-composition.outpatient_high_complexity_procedures.v1/admin_entry|hcpa|openehr-ehr-admin_entry.high_complexity_procedures_sus.v1|openehr-ehr-admin_entry.high_complexity_procedures_sus.v1/item_tree|components|at0001|openehr-ehr-admin_entry.high_complexity_procedures_sus.v1/cluster|general_data|at0023|openehr-ehr-admin_entry.high_complexity_procedures_sus.v1/element|reason_for_encounter|at0010|openehr-ehr-admin_entry.high_complexity_procedures_sus.v1
aqf_outpatient_high_complexity_procedures_89660,Outpatient high complexity procedures,filter_procedure_45854,form_element_procedure_84025190,Procedure,filter,DV_CODED_TEXT,equals,filter,dropdown,0.3590613457987073,0.3590613457987073,Procedure List,/composition|outpatient_high_complexity_procedures|openehr-ehr-composition.outpatient_high_complexity_procedures.v1|openehr-ehr-composition.outpatient_high_complexity_procedures.v1/action|procedure_undertaken|openehr-ehr-action.procedure-sus.v1|openehr-ehr-action.procedure-sus.v1/item_tree|procedure_list|at0001|openehr-ehr-action.procedure-sus.v1/element|procedure|at0002|openehr-ehr-action.procedure-sus.v1
aqf_outpatient_high_complexity_procedures_89660,Outpatient high complexity procedures,filter_secondary_diagnosis_89635,form_element_secondary_diagnosis_33808138,Secondary Diagnosis,filter,DV_CODED_TEXT,equals,filter,dropdown,0.31530413204062796,0.31530413204062796,Structure,/composition|outpatient_high_complexity_procedures|openehr-ehr-composition.outpatient_high_complexity_procedures.v1|openehr-ehr-composition.outpatient_high_complexity_procedures.v1/evaluation|problem_diagnosis|openehr-ehr-evaluation.problem_diagnosis-sus.v1|openehr-ehr-evaluation.problem_diagnosis-sus.v1/item_tree|structure|at0001|openehr-ehr-evaluation.problem_diagnosis-sus.v1/element|secondary_diagnosis|at0.1|openehr-ehr-evaluation.problem_diagnosis-sus.v1
aqf_outpatient_high_complexity_procedures_89660,Outpatient high complexity procedures,output_patient_age_1023,form_element_patient_age_17286351,patient age,output,DV_COUNT,project,projection,result_column,0.6719286472760849,0.7303572253000923,General Data,/composition|outpatient_high_complexity_procedures|openehr-ehr-composition.outpatient_high_complexity_procedures.v1|openehr-ehr-composition.outpatient_high_complexity_procedures.v1/admin_entry|hcpa|openehr-ehr-admin_entry.high_complexity_procedures_sus.v1|openehr-ehr-admin_entry.high_complexity_procedures_sus.v1/item_tree|components|at0001|openehr-ehr-admin_entry.high_complexity_procedures_sus.v1/cluster|general_data|at0023|openehr-ehr-admin_entry.high_complexity_procedures_sus.v1/element|patient_age|at0012|openehr-ehr-admin_entry.high_complexity_procedures_sus.v1
aqf_outpatient_high_complexity_procedures_89660,Outpatient high complexity procedures,output_issue_date_48591,form_element_issue_date_49957178,issue date,output,DV_DATE,sort,ordering,sort_control,0.6035116574330563,0.6035116574330563,General Data,/composition|outpatient_high_complexity_procedures|openehr-ehr-composition.outpatient_high_complexity_procedures.v1|openehr-ehr-composition.outpatient_high_complexity_procedures.v1/admin_entry|hcpa|openehr-ehr-admin_entry.high_complexity_procedures_sus.v1|openehr-ehr-admin_entry.high_complexity_procedures_sus.v1/item_tree|components|at0001|openehr-ehr-admin_entry.high_complexity_procedures_sus.v1/cluster|general_data|at0023|openehr-ehr-admin_entry.high_complexity_procedures_sus.v1/element|issue_date|at0009|openehr-ehr-admin_entry.high_complexity_procedures_sus.v1
aqf_outpatient_high_complexity_procedures_89660,Outpatient high complexity procedures,output_healthcare_unit_52876,form_element_healthcare_unit_46588062,healthcare unit,output,DV_CODED_TEXT,group_by,grouping,group_control,0.43274890350877204,0.4555251615881811,General Data,/composition|outpatient_high_complexity_procedures|openehr-ehr-composition.outpatient_high_complexity_procedures.v1|openehr-ehr-composition.outpatient_high_complexity_procedures.v1/admin_entry|hcpa|openehr-ehr-admin_entry.high_complexity_procedures_sus.v1|openehr-ehr-admin_entry.high_complexity_procedures_sus.v1/item_tree|components|at0001|openehr-ehr-admin_entry.high_complexity_procedures_sus.v1/cluster|general_data|at0023|openehr-ehr-admin_entry.high_complexity_procedures_sus.v1/element|healthcare_unit|at0011|openehr-ehr-admin_entry.high_complexity_procedures_sus.v1
aqf_outpatient_high_complexity_procedures_89660,Outpatient high complexity procedures,output_state_50234,form_element_state_78832791,State,output,DV_CODED_TEXT,group_by,grouping,group_control,0.4126650219298247,0.4343842336103418,General Data,/composition|outpatient_high_complexity_procedures|openehr-ehr-composition.outpatient_high_complexity_procedures.v1|openehr-ehr-composition.outpatient_high_complexity_procedures.v1/admin_entry|hcpa|openehr-ehr-admin_entry.high_complexity_procedures_sus.v1|openehr-ehr-admin_entry.high_complexity_procedures_sus.v1/item_tree|components|at0001|openehr-ehr-admin_entry.high_complexity_procedures_sus.v1/cluster|general_data|at0023|openehr-ehr-admin_entry.high_complexity_procedures_sus.v1/element|state|at0028|openehr-ehr-admin_entry.high_complexity_procedures_sus.v1
aqf_outpatient_high_complexity_procedures_89660,Outpatient high complexity procedures,output_problem_52665,form_element_problem_90880101,Problem,output,DV_CODED_TEXT,group_by,grouping,group_control,0.38093695175438597,0.4009862650046168,Structure,/composition|outpatient_high_complexity_procedures|openehr-ehr-composition.outpatient_high_complexity_procedures.v1|openehr-ehr-composition.outpatient_high_complexity_procedures.v1/evaluation|problem_diagnosis|openehr-ehr-evaluation.problem_diagnosis-sus.v1|openehr-ehr-evaluation.problem_diagnosis-sus.v1/item_tree|structure|at0001|openehr-ehr-evaluation.problem_diagnosis-sus.v1/element|problem|at0002.1|openehr-ehr-evaluation.problem_diagnosis-sus.v1
aqf_outpatient_high_complexity_procedures_89660,Outpatient high complexity procedures,output_reason_for_encounter_52091,form_element_reason_for_encounter_20229445,reason for encounter,output,DV_CODED_TEXT,group_by,grouping,group_control,0.37249725877192996,0.39210237765466316,General Data,/composition|outpatient_high_complexity_procedures|openehr-ehr-composition.outpatient_high_complexity_procedures.v1|openehr-ehr-composition.outpatient_high_complexity_procedures.v1/admin_entry|hcpa|openehr-ehr-admin_entry.high_complexity_procedures_sus.v1|openehr-ehr-admin_entry.high_complexity_procedures_sus.v1/item_tree|components|at0001|openehr-ehr-admin_entry.high_complexity_procedures_sus.v1/cluster|general_data|at0023|openehr-ehr-admin_entry.high_complexity_procedures_sus.v1/element|reason_for_encounter|at0010|openehr-ehr-admin_entry.high_complexity_procedures_sus.v1
aqf_demographic_data_74830,Demographic data,filter_birth_date_70620,form_element_birth_date_60670584,birth date,filter,DV_DATE,date_range,filter,date_range_picker,0.3073926592797784,0.3073926592797784,Components,/composition|demographic_data|openehr-ehr-composition.demographic_data.v1|openehr-ehr-composition.demographic_data.v1/admin_entry|demographic_data|openehr-ehr-admin_entry.demographic_data.v1|openehr-ehr-admin_entry.demographic_data.v1/item_tree|components|at0001|openehr-ehr-admin_entry.demographic_data.v1/element|birth_date|at0002|openehr-ehr-admin_entry.demographic_data.v1
aqf_demographic_data_74830,Demographic data,filter_gender_56312,form_element_gender_75171123,gender,filter,DV_CODED_TEXT,equals,filter,dropdown,0.11086824792243768,0.11086824792243768,Components,/composition|demographic_data|openehr-ehr-composition.demographic_data.v1|openehr-ehr-composition.demographic_data.v1/admin_entry|demographic_data|openehr-ehr-admin_entry.demographic_data.v1|openehr-ehr-admin_entry.demographic_data.v1/item_tree|components|at0001|openehr-ehr-admin_entry.demographic_data.v1/element|gender|at0003|openehr-ehr-admin_entry.demographic_data.v1
aqf_demographic_data_74830,Demographic data,output_birth_date_70620,form_element_birth_date_60670584,birth date,output,DV_DATE,sort,ordering,sort_control,0.3073926592797784,0.3073926592797784,Components,/composition|demographic_data|openehr-ehr-composition.demographic_data.v1|openehr-ehr-composition.demographic_data.v1/admin_entry|demographic_data|openehr-ehr-admin_entry.demographic_data.v1|openehr-ehr-admin_entry.demographic_data.v1/item_tree|components|at0001|openehr-ehr-admin_entry.demographic_data.v1/element|birth_date|at0002|openehr-ehr-admin_entry.demographic_data.v1
aqf_demographic_data_74830,Demographic data,output_gender_56312,form_element_gender_75171123,gender,output,DV_CODED_TEXT,group_by,grouping,group_control,0.1053248355263158,0.11086824792243768,Components,/composition|demographic_data|openehr-ehr-composition.demographic_data.v1|openehr-ehr-composition.demographic_data.v1/admin_entry|demographic_data|openehr-ehr-admin_entry.demographic_data.v1|openehr-ehr-admin_entry.demographic_data.v1/item_tree|components|at0001|openehr-ehr-admin_entry.demographic_data.v1/element|gender|at0003|openehr-ehr-admin_entry.demographic_data.v1
