rank,field_id,label,canonical_path,record_family,score,coverage,kind,dv_type,benchmark_relevance,selected_by_aqf_full,selected_by_aqf_topk_no_threshold,selected_by_frequency_only,selected_by_flattened_topk,selected_by_no_operator_awareness,selected_by_no_pruning,selected_by_random_topk_1,selected_by_random_topk_2,selected_by_random_topk_3,selected_by_random_topk_4,selected_by_random_topk_5,selected_by_random_topk_6,selected_by_random_topk_7,selected_by_random_topk_8,selected_by_random_topk_9,selected_by_random_topk_10
1,cf_49398dcbba5447,Secondary Diagnosis,Problem/Diagnosis / structure / Secondary Diagnosis,openEHR-EHR-COMPOSITION.hospitalisation.v1,2.862233762983985,1.0,coded,DV_CODED_TEXT,problem,True,True,True,True,True,True,True,True,True,True,True,True,True,True,True,True
2,cf_7f3b6795a0e812,birth date,Demographic data / components / birth date,openEHR-EHR-COMPOSITION.demographic_data.v1,2.833247859847267,1.0,temporal,DV_DATE,birth date,True,True,True,True,True,True,True,False,True,True,True,True,True,False,True,True
3,cf_2db2fd852fb674,Problem,Problem/Diagnosis / structure / Problem,openEHR-EHR-COMPOSITION.hospitalisation.v1,2.7694988654087345,1.0,coded,DV_CODED_TEXT,problem,True,True,True,True,True,True,True,True,True,True,True,True,False,True,True,True
4,cf_22f759c45e42f4,Admit date/time,Patient admission / Tree / Admit date/time,openEHR-EHR-COMPOSITION.hospitalisation.v1,2.743321764656226,1.0,temporal,DV_DATE_TIME,admit date time,True,True,True,True,True,True,True,False,False,True,True,True,True,True,False,True
5,cf_ba8421601b1980,Issue date,Authorization for hospital admission / Components / Issue date,openEHR-EHR-COMPOSITION.hospitalisation.v1,2.719493639656226,1.0,temporal,DV_DATE,,True,True,True,True,True,True,True,True,True,True,False,True,True,True,True,True
6,cf_79ed78f34fef6f,date of discharge,Patient discharge / Components / date of discharge,openEHR-EHR-COMPOSITION.hospitalisation.v1,2.7150164761946876,1.0,temporal,DV_DATE_TIME,date of discharge,True,True,True,True,True,True,True,True,False,True,True,True,True,True,True,True
7,cf_9449e602105d68,Universal ID,Patient admission / Tree / Assigned patient location / Facility / Universal ID,openEHR-EHR-COMPOSITION.hospitalisation.v1,2.5407175979895595,1.0,coded,DV_CODED_TEXT,universal id,True,True,True,True,True,True,False,True,True,True,False,True,True,True,False,True
8,cf_18704e514938d4,Procedure,Procedure undertaken / Procedure list / Procedure,openEHR-EHR-COMPOSITION.hospitalisation.v1,2.535794721386995,1.0,coded,DV_CODED_TEXT,procedure,True,True,True,True,True,True,False,True,True,True,True,True,True,True,True,True
9,cf_5cd62eaa6e16a8,issue date,HCPA / components / General data / issue date,openEHR-EHR-COMPOSITION.outpatient_high_complexity_procedures.v1,2.3548884124703915,1.0,temporal,DV_DATE,,True,True,True,True,True,True,True,True,True,True,True,True,True,True,True,True
10,cf_469c691048a0ce,date of discharge,Patient discharge / Components / date of discharge,openEHR-EHR-COMPOSITION.outpatient_high_complexity_procedures.v1,2.3479470755621077,1.0,temporal,DV_DATE_TIME,date of discharge,True,True,True,True,True,True,True,True,True,False,True,True,True,True,True,True
11,cf_16800b2d3f5ef6,patient age,HCPA / components / General data / patient age,openEHR-EHR-COMPOSITION.outpatient_high_complexity_procedures.v1,2.340285047085776,1.0,numeric,DV_COUNT,patient age,True,True,True,True,True,True,True,True,True,True,False,False,True,False,True,True
12,cf_1285e1e2c004f2,claim reason,Patient discharge / Components / claim reason,openEHR-EHR-COMPOSITION.hospitalisation.v1,2.3323001300408412,1.0,coded,DV_CODED_TEXT,claim reason,True,True,True,True,True,True,True,True,True,True,True,False,False,False,True,False
13,cf_1d8359b2d21168,State/province,Patient admission / Tree / Assigned patient location / Address / State/province,openEHR-EHR-COMPOSITION.hospitalisation.v1,2.3128530146562256,1.0,coded,DV_CODED_TEXT,state; state province,True,True,True,True,True,True,True,True,True,True,True,True,True,True,True,True
14,cf_ba09c313b94cba,ICU - Total,Authorization for hospital admission / Components / ICU - Total,openEHR-EHR-COMPOSITION.hospitalisation.v1,2.308165514656226,1.0,numeric,DV_COUNT,icu total,True,True,True,True,True,True,True,True,True,True,True,True,True,True,True,True
15,cf_2a67f6f1c22886,Hospital service,Patient admission / Tree / Hospital service,openEHR-EHR-COMPOSITION.hospitalisation.v1,2.2370717646562257,1.0,text,DV_TEXT,hospital service,True,True,True,True,True,True,True,True,True,True,True,True,True,True,True,True
16,cf_e7551706658b4a,gender,Demographic data / components / gender,openEHR-EHR-COMPOSITION.demographic_data.v1,2.2119410416654484,1.0,coded,DV_CODED_TEXT,gender,True,True,True,True,True,True,True,True,True,True,True,True,True,True,True,True
17,cf_bd9db9ae67063d,Problem,Problem/Diagnosis / structure / Problem,openEHR-EHR-COMPOSITION.outpatient_high_complexity_procedures.v1,2.2114245525687966,1.0,coded,DV_CODED_TEXT,problem,True,True,True,True,True,True,True,True,True,True,True,True,True,True,True,False
18,cf_10f7d6c8e1d5c5,Admission type,Patient admission / Tree / Admission type,openEHR-EHR-COMPOSITION.hospitalisation.v1,2.205431139656226,1.0,coded,DV_CODED_TEXT,admission type,True,True,True,True,True,True,True,True,True,True,True,True,True,True,True,True
19,cf_80f721f9446bd3,death indicator,Patient discharge / Components / death indicator,openEHR-EHR-COMPOSITION.hospitalisation.v1,2.1740970050408417,1.0,boolean,DV_BOOLEAN,death indicator,True,True,True,True,True,True,True,True,True,True,True,False,True,True,True,True
20,cf_b87e8363f020f7,healthcare unit,HCPA / components / General data / healthcare unit,openEHR-EHR-COMPOSITION.outpatient_high_complexity_procedures.v1,2.1650446624703914,1.0,coded,DV_CODED_TEXT,,True,True,True,True,True,True,True,False,True,True,False,True,True,True,True,True
21,cf_0b6364bb149692,Procedure,Procedure undertaken / Procedure list / Procedure,openEHR-EHR-COMPOSITION.outpatient_high_complexity_procedures.v1,2.152541426523646,1.0,coded,DV_CODED_TEXT,procedure,True,True,True,True,True,True,True,True,True,True,True,True,True,True,True,True
22,cf_4e7e8ca2916a1e,Secondary Diagnosis,Problem/Diagnosis / structure / Secondary Diagnosis,openEHR-EHR-COMPOSITION.outpatient_high_complexity_procedures.v1,2.146864299642375,1.0,coded,DV_CODED_TEXT,problem,True,True,True,True,True,True,True,True,False,True,True,True,True,True,True,True
23,cf_19e1b0f55ef007,race,Demographic data / components / race,openEHR-EHR-COMPOSITION.demographic_data.v1,2.1429069507563576,1.0,null,NULL_FLAVOUR,race,True,True,True,True,True,True,True,True,True,True,False,True,True,True,True,True
24,cf_4122372d727029,ethnic group,Demographic data / components / ethnic group,openEHR-EHR-COMPOSITION.demographic_data.v1,2.1429069507563576,1.0,null,NULL_FLAVOUR,ethnic group,True,True,True,True,True,True,True,True,True,True,True,True,True,True,True,False
25,cf_7ab0248b87b82e,educational level,Demographic data / components / educational level,openEHR-EHR-COMPOSITION.demographic_data.v1,2.1429069507563576,1.0,coded,DV_CODED_TEXT,educational level,True,True,True,True,True,True,True,True,True,True,True,True,True,True,True,True
26,cf_eee397355aecbe,nationality,Demographic data / components / nationality,openEHR-EHR-COMPOSITION.demographic_data.v1,2.1429069507563576,1.0,coded,DV_CODED_TEXT,nationality,True,True,True,True,True,True,True,True,True,True,True,True,False,True,True,False
27,cf_be52992cb12705,hospital infection,Patient discharge / Components / hospital infection,openEHR-EHR-COMPOSITION.hospitalisation.v1,2.142456380040841,1.0,null,NULL_FLAVOUR,hospital infection,True,True,True,True,True,True,True,True,False,True,True,True,False,True,True,True
28,cf_3db72fcc22b158,Patient class,Patient admission / Tree / Patient class,openEHR-EHR-COMPOSITION.hospitalisation.v1,2.142149889656226,1.0,null,NULL_FLAVOUR,patient class,True,True,True,True,True,True,True,True,True,True,True,True,True,True,True,True
29,cf_49533263f29569,reason for discharge,Patient discharge / Components / reason for discharge,openEHR-EHR-COMPOSITION.outpatient_high_complexity_procedures.v1,2.1389987582544148,1.0,coded,DV_CODED_TEXT,reason for discharge,True,True,True,True,True,True,True,True,True,True,True,True,True,True,True,True
30,cf_0a229c157b8d2a,Associated causes,Problem/Diagnosis / structure / Associated causes,openEHR-EHR-COMPOSITION.outpatient_high_complexity_procedures.v1,2.137896908338027,1.0,coded,DV_CODED_TEXT,problem,True,True,True,True,True,True,True,True,True,True,True,True,True,True,True,True
31,cf_8b431261fa7dca,State,HCPA / components / General data / State,openEHR-EHR-COMPOSITION.outpatient_high_complexity_procedures.v1,2.099329518239622,1.0,coded,DV_CODED_TEXT,state; state province,True,True,True,True,True,True,True,True,True,True,True,True,True,True,True,True
32,cf_775d9002cb4e7b,reason for encounter,HCPA / components / General data / reason for encounter,openEHR-EHR-COMPOSITION.outpatient_high_complexity_procedures.v1,2.0965711047780835,1.0,coded,DV_CODED_TEXT,reason for encounter,True,True,True,True,True,True,False,True,True,True,True,True,True,True,True,True
33,cf_505d09ec39545c,duration of follow-up (months),Bariatric surgery evaluation / Components / duration of follow-up (months),openEHR-EHR-COMPOSITION.outpatient_high_complexity_procedures.v1,1.6084100260731349,0.5576923076923077,numeric,DV_COUNT,duration of follow up months,True,True,True,True,True,True,False,True,False,True,True,True,True,False,True,True
34,cf_c75844f7868470,Body Mass Index,Body mass index / Single / Body Mass Index,openEHR-EHR-COMPOSITION.outpatient_high_complexity_procedures.v1,1.4990141395077772,0.5576923076923077,numeric,DV_QUANTITY,body mass index,True,True,True,True,True,True,False,True,True,True,False,True,True,True,True,False
35,cf_8f20b6e7578a41,Baros table,Bariatric surgery evaluation / Components / Baros table,openEHR-EHR-COMPOSITION.outpatient_high_complexity_procedures.v1,1.249349375185561,0.5576923076923077,text,DV_TEXT,,True,True,True,True,True,True,True,False,True,True,True,True,True,True,True,True
36,cf_ac2de786b38da7,Baros score,Bariatric surgery evaluation / Components / Baros score,openEHR-EHR-COMPOSITION.outpatient_high_complexity_procedures.v1,1.23315115033349,0.5576923076923077,text,DV_TEXT,,True,True,True,True,True,True,True,True,True,True,True,True,False,True,True,True
37,cf_8e35971b63e360,topography,Problem/Diagnosis / structure / Tumour - TNM Cancer staging / topography,openEHR-EHR-COMPOSITION.outpatient_high_complexity_procedures.v1,0.9444112732495231,0.3557692307692308,coded,DV_CODED_TEXT,problem; tumour topography,True,True,True,True,True,True,True,True,True,True,True,True,False,False,True,True
38,cf_72eaea6790449d,date of pathological identification,Problem/Diagnosis / structure / Tumour - TNM Cancer staging / Pathological (pTNM) / date of pathological identification,openEHR-EHR-COMPOSITION.outpatient_high_complexity_procedures.v1,0.9416517777892282,0.3557692307692308,temporal,DV_DATE,date of pathological identification; problem,True,True,True,True,True,True,True,True,True,False,True,True,False,True,True,True
39,cf_c4703128fab784,Histopathological grading (G),Problem/Diagnosis / structure / Tumour - TNM Cancer staging / Pathological (pTNM) / Histopathological grading (G),openEHR-EHR-COMPOSITION.outpatient_high_complexity_procedures.v1,0.9196475710584588,0.3557692307692308,coded,DV_CODED_TEXT,histopathological grading; problem,True,True,True,True,True,True,True,False,True,True,True,True,True,True,True,True
40,cf_af0c9a7d79fe64,Invaded regional linphonodes,Problem/Diagnosis / structure / Invaded regional linphonodes,openEHR-EHR-COMPOSITION.outpatient_high_complexity_procedures.v1,0.9035807604826077,0.3557692307692308,boolean,DV_BOOLEAN,invaded regional linphonodes nodes; problem,True,True,True,True,True,True,True,True,True,False,True,True,True,True,True,True
41,cf_3c63f8bfbf5fd7,Clinical staging,Problem/Diagnosis / structure / Tumour - TNM Cancer staging / Clinical (cTNM) / Clinical staging,openEHR-EHR-COMPOSITION.outpatient_high_complexity_procedures.v1,0.8893964770002735,0.3557692307692308,text,DV_TEXT,clinical staging; problem,True,True,True,True,True,True,False,True,True,False,True,True,True,True,False,True
42,cf_fc5be63ab59287,irradiated area 2,Procedure undertaken / Procedure list / irradiated area 2,openEHR-EHR-COMPOSITION.outpatient_high_complexity_procedures.v1,0.7639116654245861,0.22115384615384615,coded,DV_CODED_TEXT,procedure,True,True,True,True,True,True,True,True,True,True,True,False,True,False,True,True
43,cf_bbec72e0a270f7,fields/insertions 2,Procedure undertaken / Procedure list / fields/insertions 2,openEHR-EHR-COMPOSITION.outpatient_high_complexity_procedures.v1,0.6637943623550595,0.22115384615384615,numeric,DV_COUNT,procedure,True,True,True,True,True,True,True,True,True,True,False,True,True,True,True,True
44,cf_e5c01940113606,irradiated area 1,Procedure undertaken / Procedure list / irradiated area 1,openEHR-EHR-COMPOSITION.outpatient_high_complexity_procedures.v1,0.6246180263713317,0.22115384615384615,coded,DV_CODED_TEXT,irradiated area 1; procedure,True,True,True,True,True,True,True,True,True,False,True,False,True,True,True,True
45,cf_c9b3a708f95249,fields/insertions 1,Procedure undertaken / Procedure list / fields/insertions 1,openEHR-EHR-COMPOSITION.outpatient_high_complexity_procedures.v1,0.6246180263713317,0.22115384615384615,numeric,DV_COUNT,procedure,True,True,True,True,True,True,True,True,False,True,True,True,True,True,True,True
46,cf_ed2fd195fdc918,date of beginning of radiotherapy,HCPA / components / radiotherapy / date of beginning of radiotherapy,openEHR-EHR-COMPOSITION.outpatient_high_complexity_procedures.v1,0.6231500108798786,0.22115384615384615,temporal,DV_DATE,date of beginning of radiotherapy,True,True,True,True,True,True,False,True,True,True,True,True,True,True,False,False
47,cf_821e1930333a5c,irradiated area 3,Procedure undertaken / Procedure list / irradiated area 3,openEHR-EHR-COMPOSITION.outpatient_high_complexity_procedures.v1,0.5723829117263612,0.22115384615384615,null,NULL_FLAVOUR,procedure,True,True,True,True,True,True,True,False,True,True,True,True,True,True,False,True
48,cf_ccf42da6435cdd,duration of treatment,HCPA / components / chemotherapy / duration of treatment,openEHR-EHR-COMPOSITION.outpatient_high_complexity_procedures.v1,0.3644353628215198,0.1346153846153846,numeric,DV_QUANTITY,duration of treatment,False,False,False,False,False,True,True,True,False,False,True,True,True,False,True,True
49,cf_e7f0fa8ccde04c,schema,HCPA / components / chemotherapy / schema,openEHR-EHR-COMPOSITION.outpatient_high_complexity_procedures.v1,0.3644353628215198,0.1346153846153846,text,DV_TEXT,schema,False,False,False,False,False,True,True,True,True,True,True,False,True,True,True,True
50,cf_ec7d5ae391fa0a,date of beginning of chemotherapy,HCPA / components / chemotherapy / date of beginning of chemotherapy,openEHR-EHR-COMPOSITION.outpatient_high_complexity_procedures.v1,0.3644353628215198,0.1346153846153846,temporal,DV_DATE,date of beginning of chemotherapy,False,False,False,False,False,True,True,True,True,True,True,True,True,True,True,True
51,cf_c89fef6e42073d,indicator of transplantation,HCPA / components / transplantation / indicator of transplantation,openEHR-EHR-COMPOSITION.outpatient_high_complexity_procedures.v1,0.24957118868653408,0.08653846153846154,boolean,DV_BOOLEAN,indicator of transplantation,False,False,False,False,False,True,True,False,True,True,True,False,True,True,True,True
52,cf_d7a40eea03f1d2,number of transplantations,HCPA / components / transplantation / number of transplantations,openEHR-EHR-COMPOSITION.outpatient_high_complexity_procedures.v1,0.24957118868653408,0.08653846153846154,numeric,DV_COUNT,number of transplantations,False,False,False,False,False,True,True,True,True,True,True,True,True,True,False,True
53,cf_cc107606becdfc,Weight,Body weight / Simple / Weight,openEHR-EHR-COMPOSITION.outpatient_high_complexity_procedures.v1,0.23046127949849987,0.08653846153846154,numeric,DV_QUANTITY,,False,False,False,False,False,True,True,True,True,False,True,True,True,True,False,True
54,cf_1b05aa3c7da77f,Height/Length,Height/Length / Simple / Height/Length,openEHR-EHR-COMPOSITION.outpatient_high_complexity_procedures.v1,0.23046127949849987,0.08653846153846154,numeric,DV_QUANTITY,,False,False,False,False,False,True,True,True,True,True,True,True,True,True,True,False
